customerID,gender,SeniorCitizen,Partner,Dependents,tenure,PhoneService,MultipleLines,InternetService,OnlineSecurity,OnlineBackup,DeviceProtection,TechSupport,StreamingTV,StreamingMovies,Contract,PaperlessBilling,PaymentMethod,MonthlyCharges,TotalCharges,Churn
C00001,Female,0,No,No,15,Yes,No,No,No,No,No,No,No,No,Two year,No,Mailed check,34.64,519.6,No
C00002,Male,0,No,No,24,Yes,No,DSL,No,No,No,Yes,Yes,No,One year,No,Bank transfer (automatic),95.56,2293.44,Yes
C00003,Male,0,Yes,Yes,30,Yes,No,No,No,No,No,No,No,No,One year,Yes,Bank transfer (automatic),24.25,727.5,Yes
C00004,Male,0,Yes,No,58,Yes,No,No,No,No,No,No,No,No,Month-to-month,Yes,Electronic check,30.5,1769.0,No
C00005,Female,0,No,Yes,59,Yes,No,Fiber optic,Yes,Yes,No,No,Yes,Yes,Two year,Yes,Credit card (automatic),77.99,4601.41,Yes
C00006,Female,1,Yes,No,15,Yes,Yes,DSL,Yes,No,No,Yes,Yes,Yes,One year,Yes,Bank transfer (automatic),81.92,1228.8,No
C00007,Female,0,No,No,55,Yes,Yes,DSL,No,No,No,No,Yes,Yes,One year,Yes,Bank transfer (automatic),118.83,6535.65,No
C00008,Male,1,Yes,Yes,7,Yes,Yes,Fiber optic,No,No,No,Yes,Yes,Yes,Month-to-month,Yes,Electronic check,61.94,433.58,Yes
C00009,Male,1,Yes,Yes,60,Yes,Yes,DSL,No,No,No,No,Yes,Yes,Two year,No,Bank transfer (automatic),89.43,5365.8,No
C00010,Female,0,Yes,No,2,Yes,Yes,Fiber optic,Yes,No,Yes,Yes,No,No,One year,Yes,Electronic check,97.9,195.8,No
C00011,Male,0,Yes,Yes,8,Yes,No,DSL,Yes,No,No,No,Yes,Yes,Month-to-month,No,Bank transfer (automatic),52.41,419.28,No
C00012,Male,0,No,Yes,4,Yes,Yes,No,No,No,No,No,No,No,Month-to-month,Yes,Bank transfer (automatic),26.23,104.92,Yes
C00013,Female,0,No,Yes,54,Yes,Yes,No,No,No,No,No,No,No,Month-to-month,Yes,Credit card (automatic),20.63,1114.02,No
C00014,Male,0,Yes,Yes,62,Yes,No,No,No,No,No,No,No,No,Month-to-month,Yes,Mailed check,38.53,2388.86,No
C00015,Female,0,No,Yes,62,Yes,Yes,Fiber optic,No,No,Yes,Yes,Yes,Yes,Month-to-month,No,Mailed check,72.77,4511.74,No
C00016,Female,0,No,Yes,53,Yes,No,Fiber optic,No,No,No,No,Yes,No,Two year,Yes,Electronic check,91.07,4826.71,No
C00017,Female,0,No,No,41,Yes,No,No,No,No,No,No,No,No,Month-to-month,Yes,Mailed check,25.93,1063.13,Yes
C00018,Male,0,Yes,No,9,Yes,No,DSL,Yes,Yes,No,Yes,No,No,Two year,No,Mailed check,104.06,936.54,Yes
C00019,Male,0,No,No,11,Yes,No,Fiber optic,No,Yes,Yes,No,No,No,Month-to-month,No,Credit card (automatic),63.92,703.12,No
C00020,Female,0,No,No,5,Yes,No,No,No,No,No,No,No,No,Two year,Yes,Mailed check,38.53,192.65,No
C00021,Female,1,Yes,No,72,Yes,No,DSL,Yes,Yes,Yes,No,Yes,No,One year,Yes,Credit card (automatic),81.46,5865.12,Yes
C00022,Female,0,Yes,Yes,62,Yes,No,Fiber optic,Yes,Yes,Yes,No,Yes,No,Month-to-month,No,Bank transfer (automatic),72.76,4511.12,No
C00023,Female,0,No,No,35,Yes,Yes,No,No,No,No,No,No,No,One year,Yes,Credit card (automatic),29.44,1030.4,Yes
C00024,Female,0,Yes,Yes,1,Yes,Yes,No,No,No,No,No,No,No,Month-to-month,No,Mailed check,34.43,34.43,Yes
C00025,Male,0,No,Yes,27,Yes,Yes,No,No,No,No,No,No,No,Two year,Yes,Mailed check,30.45,822.15,No
C00026,Female,0,No,No,51,Yes,No,Fiber optic,No,Yes,Yes,Yes,No,No,Month-to-month,Yes,Credit card (automatic),52.2,2662.2,No
C00027,Male,0,Yes,No,4,Yes,No,Fiber optic,Yes,No,No,Yes,No,No,Month-to-month,Yes,Credit card (automatic),113.53,454.12,Yes
C00028,Male,0,No,Yes,43,Yes,No,DSL,Yes,Yes,No,No,Yes,No,Two year,Yes,Bank transfer (automatic),64.21,2761.03,No
C00029,Female,0,No,No,28,Yes,Yes,Fiber optic,No,Yes,No,No,No,No,Two year,Yes,Mailed check,115.08,3222.24,No
C00030,Female,0,Yes,Yes,6,Yes,No,No,No,No,No,No,No,No,Two year,No,Electronic check,29.13,174.78,No
C00031,Male,0,No,No,62,Yes,No,Fiber optic,No,No,No,No,No,No,Two year,No,Mailed check,87.75,5440.5,No
C00032,Male,1,Yes,Yes,62,Yes,No,Fiber optic,Yes,No,Yes,Yes,No,Yes,Two year,Yes,Electronic check,57.7,3577.4,No
C00033,Male,0,Yes,Yes,3,Yes,No,Fiber optic,No,Yes,Yes,Yes,No,Yes,One year,Yes,Mailed check,50.49,151.47,No
C00034,Female,0,No,Yes,37,Yes,Yes,No,No,No,No,No,No,No,One year,Yes,Electronic check,33.85,1252.45,No
C00035,Female,0,No,Yes,59,Yes,No,Fiber optic,No,No,Yes,Yes,No,Yes,One year,No,Electronic check,72.62,4284.58,No
C00036,Male,0,No,Yes,62,Yes,Yes,Fiber optic,No,No,Yes,Yes,Yes,Yes,Two year,No,Credit card (automatic),118.02,7317.24,No
C00037,Female,0,No,Yes,2,Yes,No,DSL,No,No,No,Yes,Yes,No,Two year,No,Credit card (automatic),99.86,199.72,Yes
C00038,Female,1,No,No,59,Yes,Yes,No,No,No,No,No,No,No,Two year,Yes,Bank transfer (automatic),32.19,1899.21,No
C00039,Female,0,Yes,No,1,Yes,No,No,No,No,No,No,No,No,Month-to-month,No,Bank transfer (automatic),24.79,24.79,Yes
C00040,Female,0,Yes,No,32,Yes,No,DSL,Yes,No,No,No,No,No,Two year,Yes,Bank transfer (automatic),88.7,2838.4,No
C00041,Male,0,Yes,No,56,Yes,Yes,DSL,Yes,Yes,Yes,No,No,Yes,Two year,No,Electronic check,66.63,3731.28,No
C00042,Male,0,Yes,Yes,70,Yes,Yes,Fiber optic,Yes,No,Yes,Yes,No,Yes,One year,Yes,Bank transfer (automatic),77.92,5454.4,No
C00043,Female,0,Yes,Yes,59,Yes,No,No,No,No,No,No,No,No,Month-to-month,Yes,Mailed check,23.73,1400.07,Yes
C00044,Male,0,No,Yes,59,Yes,Yes,DSL,Yes,No,Yes,No,Yes,No,Two year,No,Mailed check,65.42,3859.78,No
C00045,Female,0,Yes,Yes,20,Yes,No,Fiber optic,Yes,Yes,No,No,No,Yes,Month-to-month,Yes,Bank transfer (automatic),95.16,1903.2,Yes
C00046,Male,0,No,No,39,Yes,No,DSL,No,Yes,Yes,Yes,No,No,Month-to-month,No,Bank transfer (automatic),115.57,4507.23,Yes
C00047,Male,0,Yes,No,50,Yes,Yes,No,No,No,No,No,No,No,Month-to-month,Yes,Bank transfer (automatic),38.49,1924.5,No
C00048,Female,0,Yes,No,16,Yes,No,DSL,Yes,Yes,Yes,No,No,No,One year,Yes,Bank transfer (automatic),107.21,1715.36,No
C00049,Male,0,Yes,Yes,2,Yes,No,Fiber optic,Yes,Yes,Yes,No,No,No,One year,No,Credit card (automatic),119.74,239.48,No
C00050,Female,0,Yes,Yes,32,Yes,No,No,No,No,No,No,No,No,Month-to-month,Yes,Credit card (automatic),32.66,1045.12,No
C00051,Male,0,Yes,Yes,48,Yes,Yes,Fiber optic,No,Yes,No,Yes,Yes,Yes,Two year,Yes,Mailed check,109.27,5244.96,No
C00052,Female,0,Yes,Yes,33,Yes,Yes,No,No,No,No,No,No,No,Month-to-month,No,Electronic check,32.84,1083.72,Yes
C00053,Female,0,No,No,38,Yes,No,Fiber optic,No,No,Yes,Yes,Yes,Yes,Month-to-month,Yes,Credit card (automatic),96.83,3679.54,No
C00054,Female,0,Yes,No,25,Yes,No,Fiber optic,No,Yes,No,No,No,No,One year,Yes,Electronic check,50.35,1258.75,Yes
C00055,Female,0,Yes,No,54,Yes,Yes,Fiber optic,Yes,Yes,Yes,Yes,No,No,One year,No,Bank transfer (automatic),81.39,4395.06,No
C00056,Male,0,No,No,68,Yes,Yes,DSL,No,Yes,Yes,Yes,Yes,Yes,One year,No,Bank transfer (automatic),66.61,4529.48,No
C00057,Female,0,No,No,8,Yes,No,Fiber optic,Yes,Yes,Yes,Yes,No,Yes,One year,No,Electronic check,109.45,875.6,No
C00058,Male,0,No,No,59,Yes,No,No,No,No,No,No,No,No,One year,No,Mailed check,27.35,1613.65,No
C00059,Female,0,Yes,Yes,38,Yes,No,DSL,No,No,No,No,No,Yes,One year,Yes,Electronic check,118.52,4503.76,No
C00060,Female,1,Yes,Yes,27,Yes,No,Fiber optic,No,Yes,No,Yes,No,No,Two year,No,Credit card (automatic),105.64,2852.28,No
C00061,Female,0,No,No,64,Yes,No,No,No,No,No,No,No,No,One year,No,Bank transfer (automatic),37.28,2385.92,No
C00062,Female,0,No,No,4,Yes,No,DSL,Yes,Yes,Yes,Yes,Yes,No,Month-to-month,No,Credit card (automatic),51.7,206.8,No
C00063,Female,0,No,No,30,Yes,No,No,No,No,No,No,No,No,Month-to-month,No,Mailed check,39.08,1172.4,No
C00064,Male,0,No,No,37,Yes,No,DSL,No,No,No,Yes,Yes,Yes,One year,No,Mailed check,114.98,4254.26,No
C00065,Female,1,No,No,60,Yes,No,No,No,No,No,No,No,No,Month-to-month,Yes,Credit card (automatic),37.06,2223.6,No
C00066,Male,0,No,Yes,33,Yes,No,Fiber optic,Yes,No,No,Yes,Yes,No,Month-to-month,No,Mailed check,72.18,2381.94,Yes
C00067,Female,0,No,No,54,Yes,No,DSL,Yes,Yes,No,No,Yes,No,Two year,No,Bank transfer (automatic),98.72,5330.88,No
C00068,Female,0,No,No,32,Yes,Yes,No,No,No,No,No,No,No,Two year,Yes,Mailed check,33.42,1069.44,No
C00069,Male,0,Yes,Yes,2,Yes,No,No,No,No,No,No,No,No,Month-to-month,No,Mailed check,26.45,52.9,No
C00070,Male,0,No,Yes,48,Yes,No,Fiber optic,No,No,Yes,Yes,No,Yes,Month-to-month,Yes,Electronic check,88.7,4257.6,No
C00071,Male,0,No,Yes,50,Yes,No,DSL,No,Yes,No,No,No,No,Two year,No,Mailed check,110.7,5535.0,No
C00072,Female,0,Yes,No,57,Yes,Yes,DSL,Yes,No,Yes,No,No,Yes,One year,Yes,Electronic check,93.95,5355.15,Yes
C00073,Female,0,Yes,No,16,Yes,Yes,Fiber optic,Yes,Yes,Yes,No,Yes,Yes,Month-to-month,No,Electronic check,53.55,856.8,No
C00074,Male,0,No,No,66,Yes,Yes,No,No,No,No,No,No,No,One year,No,Credit card (automatic),28.77,1898.82,No
C00075,Female,0,No,No,58,Yes,Yes,No,No,No,No,No,No,No,Two year,Yes,Electronic check,30.85,1789.3,No
C00076,Female,0,No,Yes,49,Yes,Yes,DSL,No,No,No,No,No,No,One year,Yes,Bank transfer (automatic),52.61,2577.89,No
C00077,Female,0,No,No,60,Yes,Yes,DSL,Yes,No,Yes,Yes,Yes,Yes,Month-to-month,No,Credit card (automatic),72.87,4372.2,No
C00078,Male,0,No,Yes,5,Yes,Yes,DSL,Yes,No,No,No,Yes,No,One year,No,Bank transfer (automatic),82.01,410.05,No
C00079,Female,0,No,Yes,47,Yes,Yes,DSL,No,Yes,Yes,Yes,Yes,No,Month-to-month,No,Electronic check,98.97,4651.59,Yes
C00080,Female,0,Yes,No,30,Yes,No,DSL,Yes,Yes,Yes,Yes,No,Yes,Month-to-month,Yes,Electronic check,52.87,1586.1,No
C00081,Female,0,No,Yes,58,Yes,No,No,No,No,No,No,No,No,Month-to-month,Yes,Mailed check,21.57,1251.06,Yes
C00082,Female,1,Yes,Yes,23,Yes,No,Fiber optic,No,No,Yes,No,No,No,Month-to-month,Yes,Electronic check,79.98,1839.54,No
C00083,Female,0,No,Yes,1,Yes,No,DSL,No,Yes,No,Yes,Yes,No,Two year,Yes,Mailed check,80.96,80.96,No
C00084,Male,0,Yes,Yes,1,Yes,No,DSL,Yes,Yes,Yes,No,Yes,No,Two year,Yes,Electronic check,116.84,116.84,No
C00085,Female,0,Yes,Yes,22,Yes,Yes,DSL,No,Yes,No,No,No,Yes,One year,Yes,Credit card (automatic),101.1,2224.2,Yes
C00086,Female,0,No,No,51,Yes,No,Fiber optic,Yes,Yes,No,Yes,No,Yes,Two year,No,Mailed check,103.05,5255.55,Yes
C00087,Male,0,Yes,Yes,69,Yes,No,No,No,No,No,No,No,No,Month-to-month,No,Bank transfer (automatic),21.88,1509.72,No
C00088,Male,1,No,Yes,69,Yes,No,Fiber optic,Yes,No,Yes,No,Yes,Yes,Two year,Yes,Credit card (automatic),83.19,5740.11,Yes
C00089,Male,0,No,Yes,39,Yes,Yes,DSL,Yes,Yes,No,No,No,Yes,Two year,Yes,Electronic check,74.24,2895.36,No
C00090,Female,0,Yes,Yes,10,Yes,Yes,Fiber optic,No,Yes,No,Yes,Yes,Yes,Month-to-month,Yes,Credit card (automatic),116.44,1164.4,No
C00091,Female,0,Yes,No,10,Yes,No,DSL,No,No,Yes,No,Yes,Yes,One year,No,Electronic check,93.81,938.1,No
C00092,Female,1,Yes,Yes,69,Yes,No,DSL,No,Yes,Yes,Yes,No,Yes,Two year,No,Bank transfer (automatic),97.88,6753.72,No
C00093,Female,1,No,Yes,2,Yes,No,No,No,No,No,No,No,No,Two year,Yes,Mailed check,20.53,41.06,No
C00094,Male,1,No,Yes,24,Yes,No,Fiber optic,Yes,No,No,No,No,No,Month-to-month,No,Mailed check,97.4,2337.6,No
C00095,Male,0,No,Yes,61,Yes,No,DSL,Yes,Yes,No,Yes,Yes,Yes,Two year,Yes,Credit card (automatic),88.19,5379.59,No
C00096,Female,0,No,Yes,33,Yes,No,DSL,No,No,Yes,Yes,Yes,No,One year,No,Bank transfer (automatic),95.6,3154.8,No
C00097,Female,0,No,Yes,12,Yes,No,DSL,Yes,No,Yes,Yes,Yes,Yes,One year,Yes,Electronic check,57.05,684.6,Yes
C00098,Female,0,Yes,No,35,Yes,No,DSL,Yes,No,No,Yes,No,Yes,One year,Yes,Mailed check,73.56,2574.6,No
C00099,Male,0,No,Yes,34,Yes,Yes,DSL,Yes,Yes,Yes,No,Yes,No,One year,No,Bank transfer (automatic),68.25,2320.5,No
C00100,Male,0,No,Yes,29,Yes,Yes,Fiber optic,No,Yes,No,No,Yes,Yes,Month-to-month,Yes,Bank transfer (automatic),52.74,1529.46,No
C00101,Female,1,Yes,No,36,Yes,Yes,No,No,No,No,No,No,No,Two year,Yes,Credit card (automatic),23.55,847.8,No
C00102,Male,0,Yes,Yes,49,Yes,No,Fiber optic,Yes,Yes,No,Yes,Yes,No,Two year,Yes,Electronic check,101.22,4959.78,Yes
C00103,Female,0,No,No,24,Yes,No,DSL,No,Yes,No,No,Yes,No,One year,Yes,Electronic check,110.7,2656.8,No
C00104,Male,0,Yes,Yes,55,Yes,No,No,No,No,No,No,No,No,Month-to-month,No,Credit card (automatic),35.02,1926.1,No
C00105,Male,0,No,Yes,17,Yes,No,Fiber optic,No,No,Yes,Yes,Yes,Yes,Two year,Yes,Electronic check,87.4,1485.8,No
C00106,Male,0,Yes,No,13,Yes,No,Fiber optic,Yes,No,Yes,Yes,Yes,Yes,One year,No,Bank transfer (automatic),112.69,1464.97,No
C00107,Male,0,No,Yes,19,Yes,Yes,DSL,No,Yes,No,No,No,Yes,One year,No,Credit card (automatic),56.39,1071.41,No
C00108,Female,1,No,Yes,52,Yes,No,Fiber optic,No,No,No,No,No,No,One year,No,Mailed check,90.14,4687.28,No
C00109,Female,0,Yes,No,12,Yes,No,DSL,No,No,Yes,No,No,Yes,Two year,No,Electronic check,73.01,876.12,No
C00110,Female,0,Yes,Yes,23,Yes,No,No,No,No,No,No,No,No,Month-to-month,Yes,Mailed check,35.63,819.49,Yes
C00111,Male,1,Yes,No,58,Yes,No,DSL,No,Yes,No,Yes,No,Yes,Month-to-month,Yes,Credit card (automatic),54.03,3133.74,No
C00112,Male,0,Yes,Yes,18,Yes,Yes,No,No,No,No,No,No,No,One year,Yes,Mailed check,39.37,708.66,No
C00113,Male,0,No,Yes,17,Yes,Yes,No,No,No,No,No,No,No,Two year,No,Credit card (automatic),22.02,374.34,Yes
C00114,Female,0,Yes,No,42,Yes,No,DSL,No,Yes,Yes,Yes,No,No,One year,Yes,Electronic check,77.77,3266.34,No
C00115,Male,0,No,Yes,29,Yes,No,Fiber optic,No,Yes,No,Yes,No,Yes,Two year,Yes,Credit card (automatic),55.94,1622.26,No
C00116,Female,0,Yes,No,65,Yes,No,DSL,Yes,Yes,Yes,No,Yes,Yes,Two year,No,Mailed check,111.63,7255.95,No
C00117,Male,1,Yes,No,45,Yes,Yes,DSL,No,Yes,No,No,Yes,No,Two year,No,Mailed check,102.74,4623.3,No
C00118,Male,0,No,Yes,61,Yes,No,Fiber optic,Yes,Yes,No,Yes,Yes,No,One year,Yes,Mailed check,76.46,4664.06,No
C00119,Male,0,Yes,Yes,19,Yes,Yes,No,No,No,No,No,No,No,Two year,Yes,Credit card (automatic),22.22,422.18,No
C00120,Male,0,No,Yes,58,Yes,No,DSL,Yes,No,No,No,No,No,Two year,Yes,Credit card (automatic),101.87,5908.46,No
C00121,Male,0,No,Yes,39,Yes,No,DSL,No,Yes,Yes,Yes,No,Yes,Month-to-month,Yes,Mailed check,102.22,3986.58,No
C00122,Male,1,No,No,63,Yes,No,DSL,Yes,Yes,No,No,No,No,One year,No,Electronic check,83.44,5256.72,Yes
C00123,Male,0,Yes,Yes,6,Yes,No,No,No,No,No,No,No,No,Two year,No,Mailed check,36.04,216.24,No
C00124,Female,0,No,No,47,Yes,Yes,Fiber optic,Yes,No,Yes,No,Yes,No,One year,No,Electronic check,112.38,5281.86,No
C00125,Female,1,Yes,Yes,36,Yes,Yes,No,No,No,No,No,No,No,Two year,No,Bank transfer (automatic),31.08,1118.88,No
C00126,Male,0,No,Yes,49,Yes,Yes,No,No,No,No,No,No,No,One year,Yes,Credit card (automatic),33.91,1661.59,No
C00127,Male,0,No,No,3,Yes,No,Fiber optic,No,Yes,No,No,No,Yes,Two year,No,Electronic check,113.08,339.24,Yes
C00128,Female,0,No,Yes,16,Yes,Yes,Fiber optic,No,No,Yes,No,Yes,Yes,Two year,Yes,Electronic check,112.32,1797.12,No
C00129,Female,0,No,No,8,Yes,No,Fiber optic,Yes,No,No,No,Yes,No,Month-to-month,No,Bank transfer (automatic),61.88,495.04,No
C00130,Male,0,Yes,Yes,60,Yes,Yes,DSL,Yes,Yes,Yes,Yes,Yes,No,Two year,No,Electronic check,90.86,5451.6,Yes
C00131,Male,1,Yes,Yes,64,Yes,No,Fiber optic,No,No,No,Yes,No,Yes,Two year,No,Bank transfer (automatic),81.73,5230.72,Yes
C00132,Female,0,No,Yes,29,Yes,Yes,Fiber optic,No,No,Yes,No,No,Yes,One year,Yes,Bank transfer (automatic),59.32,1720.28,Yes
C00133,Male,1,Yes,No,69,Yes,No,Fiber optic,Yes,Yes,Yes,No,No,No,Two year,No,Mailed check,92.94,6412.86,No
C00134,Male,1,No,Yes,5,Yes,No,No,No,No,No,No,No,No,Month-to-month,No,Bank transfer (automatic),20.53,102.65,Yes
C00135,Male,0,No,No,49,Yes,No,DSL,Yes,No,Yes,Yes,Yes,Yes,Month-to-month,No,Mailed check,76.37,3742.13,No
C00136,Female,0,Yes,Yes,59,Yes,No,No,No,No,No,No,No,No,Two year,Yes,Bank transfer (automatic),36.84,2173.56,No
C00137,Male,0,Yes,No,1,Yes,No,Fiber optic,Yes,Yes,No,No,Yes,Yes,One year,Yes,Bank transfer (automatic),50.96,50.96,Yes
C00138,Male,0,Yes,No,69,Yes,Yes,Fiber optic,Yes,No,No,Yes,Yes,No,One year,No,Mailed check,119.98,8278.62,No
C00139,Female,0,No,Yes,53,Yes,Yes,DSL,No,No,Yes,Yes,No,Yes,Month-to-month,No,Electronic check,116.13,6154.89,No
C00140,Male,0,Yes,Yes,1,Yes,No,Fiber optic,No,Yes,Yes,Yes,Yes,No,One year,No,Mailed check,116.78,116.78,No
C00141,Male,0,Yes,Yes,32,Yes,Yes,DSL,No,No,No,Yes,No,Yes,One year,Yes,Credit card (automatic),53.28,1704.96,No
C00142,Male,0,Yes,No,34,Yes,No,Fiber optic,Yes,No,Yes,No,Yes,No,One year,Yes,Bank transfer (automatic),83.33,2833.22,No
C00143,Female,0,No,No,65,Yes,Yes,DSL,Yes,No,Yes,Yes,No,Yes,Month-to-month,Yes,Credit card (automatic),88.63,5760.95,No
C00144,Male,1,Yes,No,57,Yes,No,No,No,No,No,No,No,No,One year,Yes,Credit card (automatic),31.8,1812.6,No
C00145,Female,0,No,Yes,14,Yes,No,No,No,No,No,No,No,No,Two year,No,Electronic check,34.08,477.12,No
C00146,Female,0,Yes,Yes,38,Yes,No,Fiber optic,No,No,No,No,No,No,One year,Yes,Electronic check,92.57,3517.66,No
C00147,Female,0,Yes,Yes,51,Yes,Yes,DSL,Yes,Yes,No,No,No,Yes,One year,Yes,Credit card (automatic),113.29,5777.79,No
C00148,Male,0,No,Yes,30,Yes,No,No,No,No,No,No,No,No,Two year,No,Credit card (automatic),32.44,973.2,No
C00149,Female,1,No,No,4,Yes,No,DSL,No,Yes,No,Yes,Yes,Yes,Two year,No,Mailed check,82.15,328.6,No
C00150,Female,0,Yes,No,69,Yes,Yes,Fiber optic,Yes,Yes,No,Yes,No,Yes,One year,No,Bank transfer (automatic),118.6,8183.4,No
C00151,Female,0,Yes,No,43,Yes,Yes,No,No,No,No,No,No,No,Two year,Yes,Electronic check,24.8,1066.4,Yes
C00152,Male,0,Yes,No,55,Yes,Yes,Fiber optic,Yes,Yes,No,Yes,No,No,One year,No,Mailed check,90.93,5001.15,No
C00153,Male,0,No,Yes,4,Yes,No,No,No,No,No,No,No,No,Month-to-month,No,Bank transfer (automatic),23.64,94.56,Yes
C00154,Male,1,Yes,No,67,Yes,No,No,No,No,No,No,No,No,One year,Yes,Mailed check,30.3,2030.1,No
C00155,Male,0,Yes,Yes,51,Yes,Yes,DSL,No,Yes,Yes,Yes,Yes,No,Month-to-month,No,Bank transfer (automatic),52.86,2695.86,Yes
C00156,Male,0,No,No,61,Yes,Yes,No,No,No,No,No,No,No,One year,Yes,Electronic check,20.64,1259.04,No
C00157,Male,0,No,Yes,12,Yes,Yes,Fiber optic,No,Yes,Yes,No,No,Yes,Month-to-month,Yes,Bank transfer (automatic),64.44,773.28,No
C00158,Female,0,Yes,Yes,45,Yes,No,DSL,Yes,Yes,Yes,No,Yes,No,Two year,Yes,Mailed check,72.51,3262.95,Yes
C00159,Female,0,No,No,56,Yes,Yes,No,No,No,No,No,No,No,One year,No,Mailed check,37.47,2098.32,No
C00160,Female,0,Yes,Yes,26,Yes,Yes,Fiber optic,Yes,No,Yes,No,No,Yes,One year,No,Mailed check,110.78,2880.28,Yes
C00161,Male,0,Yes,Yes,52,Yes,No,DSL,Yes,Yes,Yes,Yes,Yes,Yes,Month-to-month,No,Bank transfer (automatic),64.65,3361.8,No
C00162,Male,0,Yes,No,28,Yes,Yes,Fiber optic,Yes,No,No,No,No,No,One year,Yes,Electronic check,75.82,2122.96,No
C00163,Male,0,No,No,14,Yes,Yes,DSL,No,Yes,Yes,Yes,No,No,Month-to-month,No,Credit card (automatic),60.34,844.76,Yes
C00164,Male,0,Yes,Yes,23,Yes,Yes,DSL,No,No,Yes,No,No,No,Month-to-month,Yes,Credit card (automatic),85.82,1973.86,No
C00165,Male,0,Yes,Yes,38,Yes,No,DSL,Yes,Yes,No,Yes,Yes,No,One year,No,Mailed check,87.28,3316.64,No
C00166,Male,0,No,Yes,28,Yes,Yes,DSL,Yes,No,Yes,No,Yes,Yes,One year,Yes,Mailed check,51.4,1439.2,No
C00167,Male,0,Yes,No,44,Yes,No,No,No,No,No,No,No,No,Two year,No,Mailed check,24.66,1085.04,No
C00168,Male,0,No,Yes,10,Yes,No,No,No,No,No,No,No,No,One year,No,Mailed check,35.78,357.8,No
C00169,Male,0,Yes,No,34,Yes,No,Fiber optic,Yes,No,Yes,No,No,No,Month-to-month,No,Bank transfer (automatic),89.04,3027.36,No
C00170,Male,0,Yes,No,42,Yes,Yes,Fiber optic,Yes,Yes,No,Yes,No,Yes,Two year,Yes,Mailed check,69.86,2934.12,No
C00171,Male,0,Yes,No,59,Yes,No,No,No,No,No,No,No,No,Two year,Yes,Credit card (automatic),27.12,1600.08,No
C00172,Male,0,Yes,Yes,33,Yes,No,Fiber optic,Yes,Yes,Yes,No,Yes,No,Month-to-month,No,Mailed check,50.53,1667.49,No
C00173,Male,0,Yes,Yes,4,Yes,Yes,DSL,No,Yes,Yes,No,No,Yes,One year,Yes,Electronic check,109.56,438.24,Yes
C00174,Female,0,No,No,24,Yes,Yes,DSL,Yes,Yes,No,No,Yes,Yes,Month-to-month,Yes,Credit card (automatic),112.77,2706.48,Yes
C00175,Female,0,No,No,40,Yes,No,Fiber optic,No,No,No,Yes,Yes,No,Two year,Yes,Mailed check,98.79,3951.6,No
C00176,Female,1,Yes,No,4,Yes,No,DSL,Yes,No,Yes,Yes,No,No,One year,Yes,Credit card (automatic),50.37,201.48,No
C00177,Male,0,Yes,Yes,51,Yes,Yes,DSL,No,No,Yes,No,Yes,No,Two year,No,Bank transfer (automatic),107.46,5480.46,No
C00178,Female,0,Yes,No,26,Yes,Yes,No,No,No,No,No,No,No,One year,Yes,Bank transfer (automatic),25.6,665.6,No
C00179,Male,0,No,No,68,Yes,Yes,Fiber optic,Yes,No,No,Yes,Yes,Yes,One year,Yes,Bank transfer (automatic),79.78,5425.04,No
C00180,Male,0,Yes,Yes,47,Yes,Yes,Fiber optic,No,Yes,No,No,No,No,One year,No,Credit card (automatic),99.51,4676.97,No
C00181,Male,0,Yes,Yes,11,Yes,Yes,Fiber optic,Yes,No,No,Yes,No,No,Month-to-month,Yes,Electronic check,115.24,1267.64,Yes
C00182,Female,0,No,No,6,Yes,Yes,DSL,No,Yes,Yes,No,Yes,No,Month-to-month,Yes,Electronic check,73.56,441.36,Yes
C00183,Male,0,No,Yes,44,Yes,No,DSL,No,Yes,Yes,Yes,Yes,No,Two year,No,Electronic check,64.12,2821.28,No
C00184,Female,0,Yes,Yes,63,Yes,No,No,No,No,No,No,No,No,Two year,Yes,Mailed check,33.63,2118.69,No
C00185,Female,0,No,No,24,Yes,Yes,Fiber optic,Yes,Yes,No,No,Yes,Yes,Month-to-month,Yes,Electronic check,92.43,2218.32,No
C00186,Male,0,No,No,69,Yes,Yes,DSL,No,No,Yes,Yes,No,Yes,One year,Yes,Electronic check,108.14,7461.66,No
C00187,Female,0,Yes,No,9,Yes,Yes,Fiber optic,No,No,No,No,Yes,Yes,One year,No,Bank transfer (automatic),64.35,579.15,No
C00188,Female,1,No,Yes,64,Yes,Yes,DSL,Yes,Yes,No,No,No,No,Two year,Yes,Credit card (automatic),90.21,5773.44,No
C00189,Female,0,Yes,No,14,Yes,Yes,No,No,No,No,No,No,No,Month-to-month,Yes,Bank transfer (automatic),35.99,503.86,No
C00190,Male,0,No,Yes,26,Yes,Yes,DSL,Yes,No,No,No,No,Yes,One year,No,Electronic check,113.55,2952.3,No
C00191,Male,0,Yes,Yes,18,Yes,Yes,Fiber optic,No,Yes,Yes,Yes,Yes,Yes,One year,Yes,Credit card (automatic),107.16,1928.88,No
C00192,Male,0,No,No,51,Yes,Yes,Fiber optic,Yes,No,Yes,No,Yes,No,Two year,No,Electronic check,93.69,4778.19,No
C00193,Male,0,No,No,25,Yes,Yes,DSL,No,Yes,No,No,No,Yes,One year,No,Credit card (automatic),74.88,1872.0,No
C00194,Female,0,No,Yes,53,Yes,Yes,Fiber optic,Yes,Yes,Yes,No,Yes,Yes,One year,Yes,Electronic check,113.45,6012.85,No
C00195,Male,0,Yes,No,6,Yes,Yes,DSL,No,Yes,Yes,Yes,No,No,Month-to-month,Yes,Mailed check,73.3,439.8,No
C00196,Male,0,No,Yes,15,Yes,Yes,No,No,No,No,No,No,No,One year,Yes,Bank transfer (automatic),37.57,563.55,No
C00197,Male,0,Yes,No,27,Yes,No,DSL,Yes,No,Yes,No,Yes,No,Two year,Yes,Credit card (automatic),105.2,2840.4,Yes
C00198,Male,0,Yes,No,27,Yes,No,Fiber optic,Yes,Yes,Yes,No,Yes,Yes,One year,No,Credit card (automatic),102.08,2756.16,Yes
C00199,Male,0,No,No,10,Yes,Yes,No,No,No,No,No,No,No,Two year,Yes,Bank transfer (automatic),29.88,298.8,No
C00200,Male,0,Yes,Yes,13,Yes,No,DSL,No,No,No,Yes,No,Yes,Two year,Yes,Electronic check,57.74,750.62,No
C00201,Male,0,Yes,Yes,56,Yes,Yes,DSL,Yes,No,No,No,Yes,Yes,Month-to-month,Yes,Electronic check,85.16,4768.96,No
C00202,Male,0,Yes,No,68,Yes,No,DSL,No,No,No,No,No,No,One year,Yes,Electronic check,100.56,6838.08,No
C00203,Male,0,No,Yes,36,Yes,No,No,No,No,No,No,No,No,Month-to-month,Yes,Bank transfer (automatic),30.85,1110.6,No
C00204,Female,0,Yes,No,11,Yes,Yes,No,No,No,No,No,No,No,Two year,No,Mailed check,39.18,430.98,No
C00205,Female,0,Yes,Yes,23,Yes,Yes,Fiber optic,No,Yes,No,Yes,No,Yes,Month-to-month,No,Electronic check,82.34,1893.82,No
C00206,Female,0,No,Yes,13,Yes,No,DSL,Yes,Yes,No,Yes,No,Yes,One year,No,Mailed check,59.74,776.62,Yes
C00207,Female,0,Yes,Yes,60,Yes,Yes,DSL,No,Yes,Yes,Yes,No,No,One year,Yes,Electronic check,91.51,5490.6,Yes
C00208,Male,1,Yes,No,5,Yes,Yes,DSL,Yes,No,No,No,Yes,Yes,Month-to-month,Yes,Credit card (automatic),114.57,572.85,No
C00209,Male,0,No,Yes,31,Yes,No,Fiber optic,No,No,No,Yes,Yes,No,Two year,Yes,Mailed check,92.47,2866.57,No
C00210,Female,0,Yes,No,40,Yes,No,Fiber optic,No,No,Yes,No,Yes,No,Two year,Yes,Credit card (automatic),108.83,4353.2,No
C00211,Female,0,No,No,21,Yes,No,Fiber optic,Yes,No,Yes,No,No,Yes,Two year,Yes,Bank transfer (automatic),61.59,1293.39,Yes
C00212,Female,0,No,No,1,Yes,Yes,Fiber optic,No,Yes,Yes,Yes,Yes,Yes,Month-to-month,Yes,Mailed check,110.89,110.89,Yes
C00213,Male,0,No,No,21,Yes,No,Fiber optic,No,No,No,Yes,No,No,Two year,Yes,Electronic check,76.55,1607.55,No
C00214,Female,0,No,Yes,57,Yes,Yes,No,No,No,No,No,No,No,Month-to-month,Yes,Credit card (automatic),20.09,1145.13,No
C00215,Female,0,Yes,No,25,Yes,No,DSL,Yes,No,No,No,No,No,One year,No,Mailed check,110.45,2761.25,No
C00216,Male,0,No,No,34,Yes,No,Fiber optic,Yes,Yes,No,Yes,No,No,Two year,Yes,Bank transfer (automatic),114.29,3885.86,No
C00217,Female,0,No,Yes,51,Yes,Yes,No,No,No,No,No,No,No,Two year,Yes,Mailed check,24.96,1272.96,No
C00218,Male,0,Yes,Yes,33,Yes,No,No,No,No,No,No,No,No,Two year,No,Electronic check,27.25,899.25,No
C00219,Female,0,Yes,No,28,Yes,Yes,DSL,Yes,Yes,Yes,No,No,Yes,Month-to-month,No,Mailed check,64.89,1816.92,No
C00220,Female,1,No,No,49,Yes,Yes,Fiber optic,Yes,Yes,No,No,Yes,Yes,One year,No,Mailed check,89.01,4361.49,No
C00221,Female,0,Yes,Yes,49,Yes,Yes,No,No,No,No,No,No,No,One year,No,Bank transfer (automatic),25.99,1273.51,No
C00222,Female,0,Yes,Yes,51,Yes,Yes,No,No,No,No,No,No,No,One year,No,Electronic check,24.2,1234.2,No
C00223,Female,0,Yes,Yes,29,Yes,No,DSL,Yes,Yes,No,No,Yes,Yes,One year,No,Mailed check,93.75,2718.75,No
C00224,Male,0,No,Yes,19,Yes,No,No,No,No,No,No,No,No,One year,No,Electronic check,21.31,404.89,No
C00225,Male,0,Yes,Yes,66,Yes,Yes,DSL,Yes,Yes,No,Yes,No,No,Month-to-month,No,Credit card (automatic),87.41,5769.06,No
C00226,Male,0,No,No,51,Yes,No,DSL,No,No,Yes,No,No,Yes,Month-to-month,No,Credit card (automatic),60.87,3104.37,Yes
C00227,Female,1,No,Yes,3,Yes,Yes,No,No,No,No,No,No,No,Month-to-month,No,Credit card (automatic),27.47,82.41,Yes
C00228,Female,0,No,Yes,55,Yes,No,No,No,No,No,No,No,No,Two year,Yes,Mailed check,23.12,1271.6,No
C00229,Female,0,No,No,65,Yes,Yes,DSL,Yes,No,No,No,No,No,Month-to-month,Yes,Bank transfer (automatic),88.62,5760.3,No
C00230,Female,0,Yes,No,72,Yes,No,DSL,No,No,No,No,Yes,Yes,Month-to-month,No,Mailed check,57.29,4124.88,No
C00231,Male,0,Yes,No,8,Yes,No,Fiber optic,No,Yes,Yes,No,No,Yes,Two year,Yes,Mailed check,56.96,455.68,No
C00232,Male,0,No,No,46,Yes,Yes,DSL,Yes,No,Yes,Yes,No,No,Month-to-month,No,Bank transfer (automatic),108.12,4973.52,No
C00233,Female,0,No,No,14,Yes,Yes,DSL,Yes,No,No,Yes,No,Yes,One year,Yes,Mailed check,70.52,987.28,No
C00234,Female,0,Yes,No,7,Yes,No,No,No,No,No,No,No,No,One year,No,Credit card (automatic),34.72,243.04,No
C00235,Female,0,Yes,Yes,19,Yes,No,Fiber optic,Yes,Yes,Yes,No,No,Yes,One year,No,Electronic check,90.81,1725.39,No
C00236,Female,1,Yes,Yes,47,Yes,Yes,Fiber optic,No,No,No,No,Yes,Yes,Month-to-month,Yes,Electronic check,93.73,4405.31,No
C00237,Female,0,No,Yes,67,Yes,No,DSL,No,No,No,No,No,No,Month-to-month,No,Electronic check,91.32,6118.44,No
C00238,Male,0,No,Yes,38,Yes,No,DSL,No,Yes,Yes,No,Yes,Yes,Two year,Yes,Credit card (automatic),104.17,3958.46,No
C00239,Male,1,No,No,24,Yes,Yes,DSL,Yes,Yes,Yes,Yes,No,No,Month-to-month,No,Bank transfer (automatic),58.0,1392.0,No
C00240,Female,1,No,Yes,14,Yes,Yes,No,No,No,No,No,No,No,Two year,Yes,Electronic check,34.83,487.62,No
C00241,Male,0,Yes,No,22,Yes,No,No,No,No,No,No,No,No,One year,Yes,Electronic check,36.7,807.4,No
C00242,Male,0,Yes,Yes,37,Yes,Yes,No,No,No,No,No,No,No,Month-to-month,No,Electronic check,20.37,753.69,No
C00243,Male,0,No,Yes,41,Yes,No,No,No,No,No,No,No,No,One year,No,Electronic check,25.48,1044.68,No
C00244,Male,0,Yes,No,27,Yes,No,Fiber optic,No,No,No,Yes,Yes,Yes,One year,Yes,Bank transfer (automatic),113.0,3051.0,No
C00245,Female,0,Yes,Yes,12,Yes,Yes,DSL,No,Yes,No,No,Yes,Yes,Month-to-month,No,Mailed check,94.32,1131.84,No
C00246,Male,0,No,Yes,17,Yes,Yes,No,No,No,No,No,No,No,Month-to-month,No,Credit card (automatic),28.38,482.46,No
C00247,Female,0,Yes,Yes,64,Yes,Yes,Fiber optic,No,Yes,No,Yes,Yes,Yes,Two year,Yes,Credit card (automatic),74.77,4785.28,No
C00248,Male,0,Yes,Yes,53,Yes,No,Fiber optic,No,No,No,Yes,No,No,Month-to-month,No,Mailed check,92.22,4887.66,No
C00249,Male,0,Yes,No,40,Yes,Yes,Fiber optic,Yes,Yes,Yes,No,Yes,Yes,Two year,No,Electronic check,80.6,3224.0,No
C00250,Female,0,No,No,54,Yes,Yes,No,No,No,No,No,No,No,Two year,No,Mailed check,29.52,1594.08,No
C00251,Male,1,No,No,69,Yes,Yes,No,No,No,No,No,No,No,One year,No,Credit card (automatic),29.68,2047.92,No
C00252,Female,0,Yes,No,62,Yes,Yes,Fiber optic,No,Yes,Yes,No,Yes,Yes,One year,No,Bank transfer (automatic),116.87,7245.94,Yes
C00253,Male,0,No,No,66,Yes,No,DSL,Yes,No,Yes,Yes,No,Yes,Two year,No,Mailed check,57.46,3792.36,Yes
C00254,Female,0,Yes,No,61,Yes,Yes,No,No,No,No,No,No,No,One year,No,Credit card (automatic),33.77,2059.97,No
C00255,Male,0,No,No,3,Yes,No,Fiber optic,No,Yes,No,Yes,Yes,No,Two year,Yes,Electronic check,55.44,166.32,Yes
C00256,Female,1,No,Yes,12,Yes,Yes,DSL,Yes,No,Yes,No,Yes,No,One year,Yes,Bank transfer (automatic),75.27,903.24,Yes
C00257,Male,1,No,No,61,Yes,Yes,Fiber optic,Yes,No,No,Yes,No,Yes,One year,No,Credit card (automatic),105.3,6423.3,No
C00258,Male,0,Yes,No,12,Yes,Yes,DSL,No,Yes,Yes,Yes,No,No,One year,No,Electronic check,87.93,1055.16,No
C00259,Male,0,No,No,21,Yes,No,No,No,No,No,No,No,No,Month-to-month,No,Mailed check,35.18,738.78,No
C00260,Female,0,Yes,Yes,72,Yes,No,Fiber optic,No,No,No,Yes,Yes,Yes,Two year,No,Credit card (automatic),67.48,4858.56,No
C00261,Female,0,No,No,26,Yes,No,No,No,No,No,No,No,No,One year,No,Mailed check,21.03,546.78,No
C00262,Male,0,No,No,16,Yes,Yes,DSL,Yes,Yes,No,No,Yes,Yes,Month-to-month,Yes,Credit card (automatic),114.77,1836.32,Yes
C00263,Male,0,No,No,7,Yes,Yes,DSL,Yes,No,No,No,No,Yes,Month-to-month,No,Electronic check,52.38,366.66,No
C00264,Male,0,Yes,Yes,48,Yes,Yes,DSL,Yes,No,No,No,Yes,No,Month-to-month,No,Mailed check,58.07,2787.36,No
C00265,Male,0,Yes,Yes,39,Yes,No,No,No,No,No,No,No,No,One year,No,Electronic check,29.1,1134.9,No
C00266,Male,0,No,No,14,Yes,Yes,No,No,No,No,No,No,No,Two year,Yes,Electronic check,31.93,447.02,No
C00267,Female,0,Yes,No,3,Yes,Yes,DSL,No,No,Yes,Yes,Yes,No,One year,No,Bank transfer (automatic),98.74,296.22,No
C00268,Female,0,No,Yes,39,Yes,No,DSL,Yes,Yes,Yes,No,Yes,No,One year,Yes,Electronic check,72.07,2810.73,No
C00269,Female,0,Yes,No,25,Yes,Yes,No,No,No,No,No,No,No,Two year,No,Bank transfer (automatic),34.76,869.0,No
C00270,Female,0,No,Yes,66,Yes,Yes,No,No,No,No,No,No,No,Month-to-month,No,Bank transfer (automatic),20.49,1352.34,No
C00271,Male,0,Yes,Yes,13,Yes,No,Fiber optic,No,Yes,Yes,No,Yes,Yes,Month-to-month,No,Mailed check,87.03,1131.39,No
C00272,Male,0,No,Yes,39,Yes,Yes,DSL,No,Yes,Yes,No,Yes,No,One year,Yes,Bank transfer (automatic),50.66,1975.74,Yes
C00273,Female,0,No,Yes,62,Yes,Yes,Fiber optic,No,No,Yes,No,No,Yes,Two year,Yes,Mailed check,83.59,5182.58,No
C00274,Female,1,No,Yes,10,Yes,No,DSL,No,Yes,Yes,Yes,Yes,Yes,Month-to-month,No,Credit card (automatic),56.42,564.2,Yes
C00275,Female,0,No,No,65,Yes,Yes,Fiber optic,No,No,No,No,Yes,No,One year,No,Electronic check,66.71,4336.15,Yes
C00276,Male,0,Yes,No,30,Yes,No,DSL,Yes,No,No,No,No,Yes,One year,Yes,Mailed check,109.7,3291.0,No
C00277,Male,0,Yes,No,48,Yes,Yes,DSL,No,Yes,No,No,Yes,No,Two year,Yes,Electronic check,51.25,2460.0,No
C00278,Male,0,Yes,No,49,Yes,Yes,Fiber optic,Yes,Yes,No,No,Yes,Yes,Two year,No,Electronic check,77.41,3793.09,Yes
C00279,Female,1,No,Yes,37,Yes,Yes,DSL,Yes,No,No,Yes,No,Yes,Month-to-month,No,Credit card (automatic),105.04,3886.48,Yes
C00280,Female,0,No,Yes,56,Yes,No,DSL,Yes,No,No,No,No,Yes,One year,No,Mailed check,111.89,6265.84,No
C00281,Male,1,Yes,No,25,Yes,Yes,DSL,Yes,No,No,No,Yes,Yes,Two year,Yes,Electronic check,102.03,2550.75,Yes
C00282,Female,0,No,No,63,Yes,No,Fiber optic,Yes,Yes,Yes,No,Yes,No,Month-to-month,No,Mailed check,66.14,4166.82,No
C00283,Female,0,No,No,57,Yes,Yes,DSL,Yes,Yes,No,Yes,Yes,Yes,Month-to-month,Yes,Mailed check,65.43,3729.51,Yes
C00284,Male,0,Yes,Yes,6,Yes,Yes,No,No,No,No,No,No,No,One year,No,Bank transfer (automatic),36.02,216.12,No
C00285,Male,0,Yes,Yes,9,Yes,Yes,Fiber optic,No,No,Yes,No,Yes,Yes,Two year,No,Electronic check,114.94,1034.46,No
C00286,Female,0,Yes,Yes,35,Yes,No,Fiber optic,Yes,Yes,No,Yes,Yes,Yes,Month-to-month,No,Mailed check,103.08,3607.8,No
C00287,Male,0,Yes,No,32,Yes,Yes,Fiber optic,Yes,Yes,Yes,Yes,No,Yes,One year,Yes,Credit card (automatic),82.44,2638.08,No
C00288,Male,0,No,No,68,Yes,No,DSL,No,No,Yes,No,Yes,No,One year,No,Electronic check,90.61,6161.48,Yes
C00289,Female,1,No,No,67,Yes,No,Fiber optic,No,No,No,Yes,Yes,Yes,One year,Yes,Bank transfer (automatic),69.11,4630.37,No
C00290,Male,0,Yes,Yes,42,Yes,Yes,Fiber optic,Yes,No,No,Yes,No,No,Two year,Yes,Bank transfer (automatic),106.67,4480.14,No
C00291,Female,0,No,Yes,59,Yes,No,No,No,No,No,No,No,No,Two year,Yes,Electronic check,25.63,1512.17,No
C00292,Female,0,Yes,Yes,5,Yes,No,DSL,Yes,No,No,No,Yes,No,Two year,Yes,Credit card (automatic),53.41,267.05,No
C00293,Female,1,No,No,48,Yes,No,DSL,No,Yes,Yes,Yes,Yes,No,One year,No,Credit card (automatic),97.83,4695.84,Yes
C00294,Female,1,No,Yes,40,Yes,No,No,No,No,No,No,No,No,One year,Yes,Mailed check,37.66,1506.4,No
C00295,Male,1,No,Yes,67,Yes,No,Fiber optic,Yes,No,No,No,Yes,Yes,Month-to-month,No,Electronic check,74.35,4981.45,No
C00296,Male,0,No,No,33,Yes,Yes,DSL,Yes,No,No,Yes,No,No,One year,Yes,Electronic check,111.5,3679.5,No
C00297,Female,0,No,No,59,Yes,No,Fiber optic,Yes,No,Yes,No,Yes,No,Month-to-month,Yes,Mailed check,110.71,6531.89,No
C00298,Female,0,No,No,53,Yes,Yes,DSL,Yes,No,Yes,Yes,No,No,Month-to-month,Yes,Credit card (automatic),97.61,5173.33,No
C00299,Female,0,No,Yes,7,Yes,Yes,DSL,Yes,Yes,Yes,Yes,Yes,Yes,Month-to-month,No,Credit card (automatic),111.71,781.97,No
C00300,Male,0,No,No,31,Yes,No,Fiber optic,No,No,No,No,No,Yes,Month-to-month,No,Bank transfer (automatic),107.81,3342.11,Yes
C00301,Female,0,No,Yes,30,Yes,No,Fiber optic,No,No,No,Yes,No,Yes,Month-to-month,No,Electronic check,113.61,3408.3,Yes
C00302,Male,0,No,No,12,Yes,Yes,DSL,No,No,Yes,No,No,Yes,One year,No,Mailed check,50.45,605.4,No
C00303,Male,0,No,No,17,Yes,No,No,No,No,No,No,No,No,Two year,No,Mailed check,22.32,379.44,No
C00304,Female,0,No,No,35,Yes,Yes,DSL,Yes,Yes,Yes,No,No,Yes,Month-to-month,Yes,Mailed check,58.99,2064.65,No
C00305,Male,0,No,No,63,Yes,No,DSL,Yes,Yes,Yes,No,Yes,No,Two year,No,Credit card (automatic),77.45,4879.35,Yes
C00306,Male,0,No,Yes,22,Yes,No,No,No,No,No,No,No,No,Month-to-month,No,Bank transfer (automatic),38.74,852.28,No
C00307,Male,0,No,Yes,64,Yes,Yes,DSL,No,No,Yes,No,No,No,One year,No,Credit card (automatic),99.57,6372.48,Yes
C00308,Female,0,Yes,Yes,65,Yes,No,DSL,No,Yes,Yes,Yes,No,No,Two year,No,Credit card (automatic),54.05,3513.25,Yes
C00309,Female,1,No,No,14,Yes,No,DSL,Yes,Yes,Yes,No,Yes,No,One year,No,Mailed check,118.14,1653.96,No
C00310,Male,0,No,Yes,52,Yes,No,DSL,No,No,Yes,Yes,No,No,Two year,Yes,Mailed check,103.08,5360.16,Yes
C00311,Female,0,No,Yes,6,Yes,Yes,No,No,No,No,No,No,No,Month-to-month,Yes,Electronic check,27.44,164.64,No
C00312,Female,0,Yes,No,26,Yes,Yes,DSL,No,Yes,No,Yes,Yes,Yes,One year,Yes,Credit card (automatic),61.13,1589.38,No
C00313,Male,1,Yes,Yes,13,Yes,No,DSL,No,Yes,Yes,Yes,Yes,No,One year,Yes,Mailed check,109.79,1427.27,No
C00314,Female,0,Yes,No,32,Yes,Yes,No,No,No,No,No,No,No,Month-to-month,No,Mailed check,21.65,692.8,No
C00315,Male,0,No,Yes,27,Yes,No,Fiber optic,No,No,Yes,Yes,Yes,Yes,Month-to-month,Yes,Electronic check,110.76,2990.52,No
C00316,Male,0,Yes,Yes,21,Yes,No,DSL,Yes,No,Yes,No,No,No,One year,Yes,Electronic check,113.67,2387.07,No
C00317,Female,1,Yes,Yes,19,Yes,Yes,No,No,No,No,No,No,No,Two year,No,Mailed check,25.48,484.12,No
C00318,Male,0,Yes,No,38,Yes,Yes,DSL,Yes,No,Yes,Yes,Yes,No,Two year,Yes,Electronic check,66.1,2511.8,No
C00319,Male,0,No,Yes,25,Yes,Yes,DSL,Yes,No,No,Yes,Yes,No,One year,No,Mailed check,100.04,2501.0,No
C00320,Male,0,No,Yes,27,Yes,No,DSL,Yes,Yes,No,Yes,No,Yes,One year,No,Electronic check,117.77,3179.79,Yes
C00321,Female,1,Yes,Yes,53,Yes,Yes,Fiber optic,Yes,Yes,Yes,Yes,Yes,No,Two year,No,Electronic check,60.76,3220.28,No
C00322,Female,0,Yes,Yes,71,Yes,Yes,DSL,Yes,No,Yes,No,No,No,Two year,No,Credit card (automatic),93.84,6662.64,Yes
C00323,Male,0,Yes,Yes,60,Yes,Yes,No,No,No,No,No,No,No,Two year,Yes,Bank transfer (automatic),39.35,2361.0,Yes
C00324,Male,0,Yes,No,71,Yes,Yes,No,No,No,No,No,No,No,One year,No,Credit card (automatic),22.5,1597.5,No
C00325,Male,0,Yes,Yes,38,Yes,Yes,Fiber optic,Yes,No,No,Yes,Yes,Yes,One year,No,Mailed check,65.79,2500.02,Yes
C00326,Male,0,Yes,Yes,2,Yes,No,Fiber optic,Yes,Yes,No,No,No,No,Month-to-month,No,Mailed check,105.83,211.66,Yes
C00327,Female,0,No,Yes,72,Yes,Yes,DSL,No,Yes,No,Yes,No,Yes,Month-to-month,Yes,Bank transfer (automatic),82.52,5941.44,No
C00328,Female,0,Yes,No,38,Yes,No,Fiber optic,No,No,Yes,Yes,No,Yes,One year,Yes,Bank transfer (automatic),70.42,2675.96,No
C00329,Female,1,Yes,Yes,41,Yes,No,No,No,No,No,No,No,No,Month-to-month,Yes,Bank transfer (automatic),20.79,852.39,No
C00330,Male,0,No,Yes,17,Yes,No,No,No,No,No,No,No,No,One year,No,Credit card (automatic),22.06,375.02,No
C00331,Female,0,Yes,No,54,Yes,No,Fiber optic,No,No,Yes,No,Yes,Yes,Two year,No,Bank transfer (automatic),93.27,5036.58,No
C00332,Female,0,Yes,No,32,Yes,Yes,No,No,No,No,No,No,No,Two year,No,Mailed check,38.82,1242.24,Yes
C00333,Female,0,Yes,Yes,30,Yes,No,DSL,Yes,Yes,No,No,No,Yes,Month-to-month,Yes,Bank transfer (automatic),52.32,1569.6,Yes
C00334,Male,0,Yes,No,66,Yes,Yes,No,No,No,No,No,No,No,Two year,No,Electronic check,39.55,2610.3,No
C00335,Male,0,No,Yes,15,Yes,Yes,No,No,No,No,No,No,No,Month-to-month,Yes,Mailed check,24.0,360.0,Yes
C00336,Male,0,No,Yes,61,Yes,Yes,Fiber optic,Yes,Yes,No,Yes,No,Yes,Month-to-month,No,Credit card (automatic),99.45,6066.45,Yes
C00337,Male,1,No,Yes,32,Yes,Yes,DSL,No,Yes,Yes,Yes,Yes,No,One year,Yes,Credit card (automatic),70.92,2269.44,No
C00338,Female,1,Yes,No,62,Yes,Yes,Fiber optic,No,Yes,Yes,Yes,No,Yes,One year,No,Electronic check,104.84,6500.08,No
C00339,Male,0,Yes,Yes,4,Yes,No,DSL,No,Yes,Yes,Yes,No,No,One year,Yes,Credit card (automatic),91.82,367.28,No
C00340,Male,0,No,Yes,41,Yes,No,Fiber optic,Yes,No,No,Yes,Yes,No,One year,No,Mailed check,61.48,2520.68,No
C00341,Female,0,No,No,12,Yes,No,No,No,No,No,No,No,No,Month-to-month,Yes,Bank transfer (automatic),24.94,299.28,Yes
C00342,Female,1,Yes,Yes,19,Yes,No,DSL,No,No,No,No,Yes,Yes,One year,Yes,Electronic check,118.31,2247.89,No
C00343,Male,0,No,Yes,53,Yes,No,No,No,No,No,No,No,No,Two year,No,Electronic check,33.17,1758.01,No
C00344,Female,0,No,Yes,18,Yes,No,Fiber optic,Yes,No,Yes,No,No,No,Month-to-month,Yes,Mailed check,95.73,1723.14,No
C00345,Male,0,Yes,Yes,59,Yes,No,No,No,No,No,No,No,No,One year,Yes,Mailed check,33.01,1947.59,Yes
C00346,Female,0,No,No,54,Yes,No,No,No,No,No,No,No,No,Two year,No,Mailed check,20.61,1112.94,No
C00347,Female,0,No,Yes,31,Yes,No,DSL,Yes,Yes,Yes,Yes,No,No,Month-to-month,Yes,Bank transfer (automatic),79.11,2452.41,No
C00348,Female,0,Yes,Yes,20,Yes,No,Fiber optic,Yes,Yes,No,Yes,No,No,One year,Yes,Electronic check,85.34,1706.8,No
C00349,Female,0,No,No,36,Yes,No,No,No,No,No,No,No,No,Two year,Yes,Electronic check,20.59,741.24,No
C00350,Female,0,No,No,34,Yes,Yes,Fiber optic,No,Yes,Yes,No,No,Yes,Two year,Yes,Electronic check,105.51,3587.34,No
C00351,Male,1,No,Yes,58,Yes,Yes,DSL,No,No,Yes,No,Yes,No,One year,No,Credit card (automatic),113.87,6604.46,No
C00352,Female,0,No,No,40,Yes,No,Fiber optic,No,No,No,Yes,Yes,Yes,One year,No,Electronic check,108.52,4340.8,No
C00353,Male,0,Yes,No,42,Yes,Yes,DSL,Yes,No,Yes,No,No,Yes,Two year,No,Bank transfer (automatic),66.63,2798.46,No
C00354,Male,0,No,Yes,69,Yes,Yes,No,No,No,No,No,No,No,Two year,Yes,Mailed check,21.38,1475.22,No
C00355,Male,0,Yes,No,14,Yes,Yes,Fiber optic,Yes,No,No,Yes,Yes,Yes,Month-to-month,Yes,Electronic check,86.04,1204.56,No
C00356,Male,0,No,Yes,70,Yes,No,Fiber optic,Yes,Yes,No,No,No,No,One year,No,Credit card (automatic),95.65,6695.5,No
C00357,Female,0,Yes,No,35,Yes,Yes,No,No,No,No,No,No,No,Two year,Yes,Electronic check,33.13,1159.55,No
C00358,Female,0,Yes,Yes,56,Yes,Yes,Fiber optic,No,Yes,No,No,No,Yes,Month-to-month,No,Electronic check,77.77,4355.12,No
C00359,Male,0,No,No,10,Yes,Yes,Fiber optic,No,Yes,No,Yes,Yes,No,Month-to-month,Yes,Electronic check,55.14,551.4,Yes
C00360,Male,0,No,Yes,10,Yes,No,No,No,No,No,No,No,No,Two year,Yes,Electronic check,33.39,333.9,Yes
C00361,Female,0,No,No,8,Yes,Yes,Fiber optic,Yes,Yes,No,No,Yes,No,Month-to-month,Yes,Bank transfer (automatic),93.2,745.6,No
C00362,Female,0,No,No,28,Yes,No,Fiber optic,No,Yes,Yes,Yes,No,Yes,Two year,No,Electronic check,52.57,1471.96,No
C00363,Male,0,No,No,37,Yes,No,Fiber optic,Yes,Yes,Yes,Yes,No,No,Month-to-month,Yes,Bank transfer (automatic),104.73,3875.01,No
C00364,Male,0,No,Yes,6,Yes,Yes,Fiber optic,No,No,No,No,No,Yes,Month-to-month,Yes,Electronic check,64.41,386.46,Yes
C00365,Female,0,Yes,No,2,Yes,Yes,DSL,No,Yes,No,No,No,No,One year,Yes,Mailed check,58.61,117.22,No
C00366,Female,0,No,No,1,Yes,No,No,No,No,No,No,No,No,Two year,Yes,Credit card (automatic),22.44,22.44,No
C00367,Male,1,Yes,No,69,Yes,No,DSL,Yes,Yes,No,No,No,No,Two year,No,Bank transfer (automatic),57.23,3948.87,No
C00368,Male,0,Yes,Yes,20,Yes,Yes,Fiber optic,No,No,No,Yes,No,Yes,Month-to-month,Yes,Credit card (automatic),119.06,2381.2,No
C00369,Male,0,No,No,50,Yes,Yes,No,No,No,No,No,No,No,Month-to-month,No,Bank transfer (automatic),39.46,1973.0,No
C00370,Male,0,Yes,No,43,Yes,No,DSL,No,No,No,No,No,Yes,One year,Yes,Credit card (automatic),84.22,3621.46,No
C00371,Male,0,No,No,45,Yes,Yes,No,No,No,No,No,No,No,Month-to-month,Yes,Mailed check,22.87,1029.15,No
C00372,Female,0,Yes,Yes,8,Yes,Yes,Fiber optic,No,Yes,Yes,No,No,No,Two year,Yes,Electronic check,117.89,943.12,Yes
C00373,Female,0,Yes,Yes,5,Yes,Yes,DSL,Yes,No,Yes,Yes,No,Yes,Two year,No,Credit card (automatic),117.43,587.15,No
C00374,Female,0,No,No,43,Yes,No,Fiber optic,No,Yes,No,No,No,Yes,One year,Yes,Credit card (automatic),97.83,4206.69,No
C00375,Male,0,No,No,8,Yes,No,DSL,Yes,Yes,No,Yes,Yes,Yes,Month-to-month,No,Mailed check,110.52,884.16,No
C00376,Male,0,No,No,46,Yes,No,Fiber optic,Yes,Yes,No,Yes,No,No,Month-to-month,Yes,Credit card (automatic),114.31,5258.26,No
C00377,Female,1,Yes,Yes,14,Yes,No,No,No,No,No,No,No,No,Month-to-month,No,Electronic check,27.88,390.32,No
C00378,Male,0,Yes,No,66,Yes,Yes,No,No,No,No,No,No,No,Two year,Yes,Electronic check,39.99,2639.34,Yes
C00379,Female,1,No,Yes,41,Yes,Yes,Fiber optic,Yes,Yes,No,Yes,Yes,No,Two year,Yes,Electronic check,119.53,4900.73,No
C00380,Female,0,Yes,Yes,31,Yes,Yes,DSL,Yes,No,Yes,Yes,Yes,No,Two year,Yes,Electronic check,101.69,3152.39,No
C00381,Female,0,No,Yes,4,Yes,Yes,No,No,No,No,No,No,No,Month-to-month,Yes,Electronic check,33.35,133.4,No
C00382,Male,0,No,No,23,Yes,No,DSL,Yes,Yes,No,Yes,No,No,One year,Yes,Mailed check,80.49,1851.27,No
C00383,Male,0,No,No,54,Yes,No,DSL,No,Yes,Yes,Yes,No,No,Two year,Yes,Electronic check,95.44,5153.76,No
C00384,Male,0,Yes,No,71,Yes,Yes,DSL,Yes,Yes,No,No,No,No,Month-to-month,No,Mailed check,89.44,6350.24,No
C00385,Female,0,No,No,33,Yes,No,Fiber optic,No,Yes,Yes,No,No,No,Month-to-month,Yes,Credit card (automatic),66.63,2198.79,No
C00386,Male,0,No,No,11,Yes,No,DSL,No,No,Yes,No,Yes,No,One year,No,Bank transfer (automatic),92.24,1014.64,No
C00387,Male,0,Yes,No,46,Yes,Yes,DSL,No,Yes,No,Yes,Yes,No,Month-to-month,No,Mailed check,85.03,3911.38,No
C00388,Male,1,No,No,66,Yes,No,Fiber optic,No,Yes,No,No,No,Yes,Month-to-month,No,Bank transfer (automatic),83.54,5513.64,Yes
C00389,Female,0,Yes,No,12,Yes,Yes,No,No,No,No,No,No,No,One year,Yes,Mailed check,22.98,275.76,No
C00390,Male,0,No,No,15,Yes,No,Fiber optic,Yes,Yes,Yes,No,Yes,Yes,Two year,No,Mailed check,77.61,1164.15,No
C00391,Male,0,No,No,43,Yes,Yes,No,No,No,No,No,No,No,Month-to-month,No,Bank transfer (automatic),20.36,875.48,Yes
C00392,Male,0,No,No,47,Yes,No,DSL,Yes,No,Yes,Yes,No,Yes,Month-to-month,Yes,Electronic check,54.99,2584.53,No
C00393,Male,0,No,No,51,Yes,Yes,DSL,Yes,Yes,No,Yes,No,No,One year,No,Bank transfer (automatic),54.22,2765.22,No
C00394,Female,0,Yes,No,34,Yes,Yes,DSL,Yes,Yes,No,No,Yes,Yes,Month-to-month,No,Credit card (automatic),61.64,2095.76,No
C00395,Male,0,Yes,Yes,27,Yes,Yes,No,No,No,No,No,No,No,Month-to-month,Yes,Mailed check,38.59,1041.93,No
C00396,Female,0,No,Yes,36,Yes,No,DSL,Yes,No,Yes,No,Yes,Yes,Two year,Yes,Mailed check,100.23,3608.28,No
C00397,Male,1,No,No,7,Yes,No,No,No,No,No,No,No,No,One year,No,Bank transfer (automatic),33.62,235.34,Yes
C00398,Male,0,No,Yes,71,Yes,Yes,DSL,No,No,No,No,No,Yes,Two year,No,Mailed check,70.67,5017.57,No
C00399,Male,0,Yes,Yes,56,Yes,Yes,DSL,No,No,No,No,No,No,Two year,No,Bank transfer (automatic),117.4,6574.4,No
C00400,Female,0,No,Yes,1,Yes,Yes,Fiber optic,No,Yes,No,No,Yes,No,Two year,No,Electronic check,76.15,76.15,No
C00401,Male,0,Yes,No,13,Yes,Yes,No,No,No,No,No,No,No,Two year,No,Electronic check,32.03,416.39,No
C00402,Female,1,Yes,Yes,9,Yes,Yes,DSL,Yes,No,No,Yes,No,Yes,Month-to-month,Yes,Bank transfer (automatic),105.56,950.04,No
C00403,Male,0,Yes,No,42,Yes,Yes,DSL,Yes,Yes,No,No,No,No,Two year,Yes,Bank transfer (automatic),113.0,4746.0,No
C00404,Male,0,No,No,37,Yes,Yes,Fiber optic,Yes,Yes,No,No,Yes,No,Two year,No,Credit card (automatic),71.14,2632.18,No
C00405,Female,1,No,No,39,Yes,Yes,DSL,No,No,Yes,No,No,No,Two year,No,Bank transfer (automatic),96.73,3772.47,Yes
C00406,Female,0,Yes,No,55,Yes,No,No,No,No,No,No,No,No,Month-to-month,No,Mailed check,31.73,1745.15,Yes
C00407,Female,0,Yes,No,33,Yes,Yes,No,No,No,No,No,No,No,Two year,No,Electronic check,24.33,802.89,Yes
C00408,Female,0,No,Yes,15,Yes,Yes,DSL,No,Yes,No,No,Yes,Yes,Month-to-month,Yes,Mailed check,66.12,991.8,No
C00409,Male,0,Yes,Yes,57,Yes,No,Fiber optic,No,Yes,No,No,No,No,One year,Yes,Credit card (automatic),84.77,4831.89,No
C00410,Male,0,Yes,Yes,18,Yes,Yes,No,No,No,No,No,No,No,Month-to-month,No,Bank transfer (automatic),28.09,505.62,No
C00411,Male,0,No,No,24,Yes,No,DSL,No,Yes,No,No,Yes,Yes,One year,No,Bank transfer (automatic),58.99,1415.76,Yes
C00412,Female,0,Yes,No,42,Yes,Yes,No,No,No,No,No,No,No,Two year,No,Mailed check,38.11,1600.62,No
C00413,Female,0,Yes,Yes,36,Yes,No,No,No,No,No,No,No,No,Two year,Yes,Electronic check,23.84,858.24,No
C00414,Female,0,No,No,41,Yes,Yes,DSL,Yes,Yes,No,No,No,No,One year,No,Electronic check,93.2,3821.2,No
C00415,Male,0,Yes,Yes,60,Yes,Yes,No,No,No,No,No,No,No,Two year,No,Credit card (automatic),36.01,2160.6,No
C00416,Female,0,Yes,No,72,Yes,Yes,No,No,No,No,No,No,No,One year,Yes,Bank transfer (automatic),33.02,2377.44,No
C00417,Female,0,No,Yes,3,Yes,No,No,No,No,No,No,No,No,One year,No,Electronic check,23.81,71.43,Yes
C00418,Male,0,Yes,Yes,35,Yes,Yes,DSL,No,No,No,Yes,Yes,No,One year,Yes,Mailed check,101.15,3540.25,No
C00419,Female,0,No,Yes,44,Yes,No,DSL,Yes,No,Yes,Yes,No,No,One year,Yes,Credit card (automatic),56.21,2473.24,No
C00420,Female,0,No,No,47,Yes,No,DSL,No,No,No,No,No,No,One year,Yes,Electronic check,64.07,3011.29,No
C00421,Female,0,No,No,55,Yes,No,Fiber optic,Yes,Yes,Yes,Yes,No,No,One year,Yes,Mailed check,102.93,5661.15,No
C00422,Male,0,No,No,3,Yes,Yes,No,No,No,No,No,No,No,Two year,No,Credit card (automatic),38.54,115.62,No
C00423,Female,0,No,No,5,Yes,Yes,No,No,No,No,No,No,No,One year,Yes,Electronic check,34.74,173.7,No
C00424,Female,0,No,Yes,30,Yes,Yes,DSL,Yes,Yes,Yes,No,No,No,Two year,No,Credit card (automatic),86.47,2594.1,No
C00425,Male,0,No,Yes,32,Yes,No,Fiber optic,Yes,Yes,No,No,No,Yes,One year,No,Mailed check,58.94,1886.08,No
C00426,Female,0,No,No,14,Yes,Yes,No,No,No,No,No,No,No,Two year,No,Mailed check,22.35,312.9,No
C00427,Female,0,No,No,2,Yes,Yes,No,No,No,No,No,No,No,Month-to-month,No,Bank transfer (automatic),38.74,77.48,Yes
C00428,Female,0,No,Yes,52,Yes,Yes,Fiber optic,Yes,No,No,Yes,No,Yes,Month-to-month,No,Electronic check,69.58,3618.16,No
C00429,Male,1,No,Yes,6,Yes,No,DSL,Yes,No,Yes,Yes,Yes,No,One year,Yes,Electronic check,114.36,686.16,No
C00430,Female,1,No,Yes,12,Yes,Yes,DSL,Yes,No,No,Yes,Yes,Yes,One year,No,Mailed check,115.14,1381.68,Yes
C00431,Female,0,No,Yes,35,Yes,No,DSL,No,No,No,No,Yes,No,Two year,Yes,Mailed check,97.2,3402.0,No
C00432,Male,0,Yes,Yes,67,Yes,No,No,No,No,No,No,No,No,One year,No,Mailed check,35.8,2398.6,No
C00433,Male,0,No,Yes,21,Yes,No,DSL,Yes,Yes,Yes,No,Yes,Yes,Two year,Yes,Electronic check,51.6,1083.6,Yes
C00434,Male,0,Yes,No,20,Yes,Yes,Fiber optic,Yes,Yes,Yes,No,Yes,Yes,Two year,No,Credit card (automatic),90.11,1802.2,No
C00435,Male,0,No,No,54,Yes,Yes,No,No,No,No,No,No,No,Two year,Yes,Electronic check,26.27,1418.58,No
C00436,Female,0,No,No,54,Yes,No,DSL,Yes,Yes,Yes,No,Yes,Yes,Two year,No,Mailed check,108.05,5834.7,No
C00437,Male,1,No,Yes,6,Yes,Yes,Fiber optic,No,Yes,No,No,No,No,Two year,Yes,Credit card (automatic),60.25,361.5,No
C00438,Male,0,No,Yes,68,Yes,No,No,No,No,No,No,No,No,One year,Yes,Credit card (automatic),22.7,1543.6,No
C00439,Male,0,Yes,No,32,Yes,Yes,DSL,Yes,Yes,No,Yes,Yes,Yes,Two year,Yes,Mailed check,58.54,1873.28,No
C00440,Male,1,Yes,Yes,20,Yes,No,Fiber optic,Yes,Yes,No,Yes,Yes,No,Month-to-month,No,Bank transfer (automatic),80.77,1615.4,Yes
C00441,Female,0,Yes,No,43,Yes,Yes,Fiber optic,Yes,No,Yes,Yes,No,Yes,Month-to-month,No,Credit card (automatic),93.37,4014.91,No
C00442,Male,0,No,No,5,Yes,Yes,No,No,No,No,No,No,No,Two year,No,Electronic check,35.62,178.1,No
C00443,Female,0,No,Yes,11,Yes,Yes,Fiber optic,No,Yes,Yes,Yes,Yes,Yes,One year,No,Bank transfer (automatic),102.8,1130.8,No
C00444,Female,0,Yes,No,9,Yes,Yes,No,No,No,No,No,No,No,Two year,Yes,Bank transfer (automatic),22.84,205.56,Yes
C00445,Female,0,No,No,7,Yes,No,Fiber optic,Yes,Yes,Yes,No,No,Yes,One year,No,Electronic check,98.45,689.15,Yes
C00446,Male,0,No,Yes,40,Yes,No,Fiber optic,No,Yes,Yes,No,No,Yes,One year,Yes,Electronic check,106.98,4279.2,No
C00447,Male,0,Yes,Yes,52,Yes,Yes,No,No,No,No,No,No,No,One year,No,Bank transfer (automatic),33.11,1721.72,No
C00448,Male,0,Yes,Yes,63,Yes,No,DSL,No,No,No,No,Yes,Yes,Month-to-month,No,Mailed check,81.48,5133.24,Yes
C00449,Male,0,No,Yes,14,Yes,Yes,Fiber optic,No,Yes,No,Yes,No,No,Two year,Yes,Mailed check,62.38,873.32,No
C00450,Male,1,No,No,55,Yes,Yes,Fiber optic,Yes,Yes,Yes,No,No,Yes,Month-to-month,Yes,Mailed check,79.13,4352.15,No
C00451,Female,0,Yes,Yes,21,Yes,Yes,Fiber optic,No,Yes,Yes,No,Yes,Yes,Two year,No,Mailed check,103.22,2167.62,Yes
C00452,Female,0,Yes,Yes,65,Yes,Yes,DSL,No,No,No,Yes,Yes,No,One year,Yes,Credit card (automatic),72.65,4722.25,No
C00453,Male,0,No,Yes,53,Yes,Yes,DSL,Yes,Yes,No,Yes,No,No,Month-to-month,No,Electronic check,106.11,5623.83,No
C00454,Male,0,Yes,Yes,60,Yes,Yes,No,No,No,No,No,No,No,Two year,Yes,Credit card (automatic),32.92,1975.2,No
C00455,Female,0,Yes,No,26,Yes,Yes,No,No,No,No,No,No,No,Month-to-month,No,Credit card (automatic),22.54,586.04,No
C00456,Female,0,Yes,No,52,Yes,No,No,No,No,No,No,No,No,Month-to-month,No,Electronic check,37.19,1933.88,No
C00457,Male,1,Yes,No,64,Yes,No,No,No,No,No,No,No,No,Month-to-month,Yes,Mailed check,35.74,2287.36,No
C00458,Male,0,No,No,60,Yes,No,No,No,No,No,No,No,No,One year,Yes,Electronic check,21.53,1291.8,No
C00459,Female,1,No,No,60,Yes,Yes,DSL,No,No,Yes,Yes,No,Yes,Month-to-month,Yes,Credit card (automatic),104.68,6280.8,No
C00460,Male,0,No,No,8,Yes,No,Fiber optic,No,Yes,Yes,Yes,No,Yes,One year,Yes,Bank transfer (automatic),112.66,901.28,No
C00461,Female,0,Yes,Yes,60,Yes,Yes,DSL,Yes,Yes,Yes,No,No,No,Month-to-month,Yes,Bank transfer (automatic),81.54,4892.4,No
C00462,Female,0,No,No,44,Yes,No,Fiber optic,No,No,No,Yes,No,No,Two year,Yes,Mailed check,85.86,3777.84,No
C00463,Male,0,Yes,No,43,Yes,No,DSL,No,Yes,No,No,Yes,Yes,One year,Yes,Credit card (automatic),96.13,4133.59,No
C00464,Female,0,Yes,Yes,17,Yes,Yes,DSL,Yes,No,Yes,No,Yes,No,Month-to-month,Yes,Electronic check,116.96,1988.32,No
C00465,Male,0,No,Yes,11,Yes,No,No,No,No,No,No,No,No,Month-to-month,No,Credit card (automatic),39.41,433.51,No
C00466,Female,0,No,No,51,Yes,No,No,No,No,No,No,No,No,Month-to-month,No,Credit card (automatic),23.48,1197.48,Yes
C00467,Male,0,No,Yes,8,Yes,Yes,Fiber optic,Yes,Yes,Yes,Yes,No,No,Two year,No,Electronic check,68.55,548.4,Yes
C00468,Female,0,Yes,Yes,8,Yes,Yes,No,No,No,No,No,No,No,Two year,Yes,Bank transfer (automatic),35.38,283.04,No
C00469,Female,0,No,No,50,Yes,No,No,No,No,No,No,No,No,One year,No,Electronic check,20.21,1010.5,No
C00470,Female,0,No,No,41,Yes,Yes,No,No,No,No,No,No,No,Month-to-month,No,Electronic check,39.2,1607.2,No
C00471,Male,1,Yes,No,10,Yes,No,DSL,Yes,No,No,Yes,No,Yes,One year,No,Electronic check,105.91,1059.1,No
C00472,Female,1,Yes,No,13,Yes,Yes,No,No,No,No,No,No,No,Two year,Yes,Bank transfer (automatic),31.65,411.45,No
C00473,Female,0,No,No,11,Yes,Yes,Fiber optic,No,No,Yes,No,Yes,No,Month-to-month,Yes,Mailed check,53.06,583.66,Yes
C00474,Female,0,Yes,No,25,Yes,Yes,No,No,No,No,No,No,No,Two year,Yes,Bank transfer (automatic),27.52,688.0,No
C00475,Female,0,No,No,22,Yes,Yes,No,No,No,No,No,No,No,Month-to-month,Yes,Electronic check,25.48,560.56,No
C00476,Male,0,Yes,Yes,51,Yes,Yes,No,No,No,No,No,No,No,One year,No,Bank transfer (automatic),37.74,1924.74,No
C00477,Male,0,No,Yes,32,Yes,Yes,DSL,No,Yes,No,No,Yes,Yes,Month-to-month,Yes,Credit card (automatic),72.18,2309.76,No
C00478,Female,0,No,Yes,47,Yes,No,No,No,No,No,No,No,No,Two year,No,Bank transfer (automatic),25.04,1176.88,No
C00479,Female,0,No,No,8,Yes,No,DSL,No,No,Yes,Yes,Yes,Yes,Two year,No,Electronic check,102.37,818.96,No
C00480,Female,0,No,Yes,22,Yes,Yes,DSL,No,Yes,No,Yes,Yes,Yes,One year,No,Bank transfer (automatic),118.93,2616.46,No
C00481,Male,0,No,Yes,2,Yes,No,No,No,No,No,No,No,No,Two year,Yes,Electronic check,22.63,45.26,No
C00482,Male,0,Yes,Yes,23,Yes,No,No,No,No,No,No,No,No,One year,Yes,Credit card (automatic),36.81,846.63,No
C00483,Female,0,No,Yes,61,Yes,Yes,No,No,No,No,No,No,No,Two year,No,Mailed check,34.87,2127.07,No
C00484,Female,0,Yes,No,23,Yes,Yes,No,No,No,No,No,No,No,Two year,No,Bank transfer (automatic),33.78,776.94,No
C00485,Male,0,No,No,8,Yes,No,Fiber optic,Yes,Yes,No,Yes,No,Yes,One year,No,Bank transfer (automatic),82.31,658.48,Yes
C00486,Male,0,Yes,Yes,5,Yes,Yes,DSL,Yes,No,No,No,No,No,Two year,No,Credit card (automatic),111.7,558.5,No
C00487,Female,0,Yes,Yes,64,Yes,Yes,DSL,No,No,Yes,No,No,No,Month-to-month,Yes,Credit card (automatic),106.0,6784.0,No
C00488,Female,0,Yes,No,46,Yes,No,No,No,No,No,No,No,No,One year,Yes,Mailed check,32.32,1486.72,Yes
C00489,Male,0,Yes,No,13,Yes,Yes,DSL,No,Yes,No,Yes,No,Yes,One year,Yes,Electronic check,87.71,1140.23,No
C00490,Female,1,Yes,No,58,Yes,No,Fiber optic,Yes,Yes,No,Yes,No,Yes,Month-to-month,No,Mailed check,52.47,3043.26,No
C00491,Female,0,No,Yes,34,Yes,Yes,DSL,No,No,No,Yes,No,No,One year,Yes,Mailed check,103.11,3505.74,No
C00492,Female,0,Yes,No,70,Yes,No,DSL,Yes,No,No,No,No,Yes,One year,Yes,Mailed check,111.37,7795.9,No
C00493,Female,0,Yes,Yes,4,Yes,No,No,No,No,No,No,No,No,Month-to-month,No,Mailed check,34.44,137.76,No
C00494,Female,0,Yes,Yes,37,Yes,No,DSL,Yes,Yes,Yes,Yes,No,Yes,Month-to-month,Yes,Bank transfer (automatic),96.41,3567.17,Yes
C00495,Female,0,Yes,No,38,Yes,No,No,No,No,No,No,No,No,One year,Yes,Bank transfer (automatic),23.34,886.92,Yes
C00496,Female,0,No,No,17,Yes,Yes,No,No,No,No,No,No,No,Month-to-month,No,Electronic check,31.76,539.92,No
C00497,Female,0,Yes,Yes,58,Yes,Yes,DSL,No,No,No,Yes,No,Yes,Two year,No,Bank transfer (automatic),89.3,5179.4,No
C00498,Male,0,No,No,34,Yes,No,Fiber optic,No,No,Yes,Yes,Yes,No,Two year,Yes,Bank transfer (automatic),91.96,3126.64,No
C00499,Male,0,Yes,No,19,Yes,Yes,DSL,No,Yes,Yes,Yes,No,No,Two year,Yes,Bank transfer (automatic),84.88,1612.72,Yes
C00500,Male,0,No,No,30,Yes,Yes,No,No,No,No,No,No,No,Two year,Yes,Electronic check,39.64,1189.2,No
C00501,Female,0,Yes,No,19,Yes,No,DSL,No,Yes,No,No,Yes,No,One year,No,Electronic check,80.81,1535.39,Yes
C00502,Female,0,Yes,No,55,Yes,Yes,No,No,No,No,No,No,No,One year,No,Bank transfer (automatic),24.72,1359.6,No
C00503,Male,0,No,No,47,Yes,Yes,Fiber optic,No,Yes,No,No,Yes,Yes,One year,Yes,Electronic check,119.88,5634.36,No
C00504,Female,0,No,Yes,17,Yes,Yes,Fiber optic,No,Yes,Yes,Yes,Yes,No,One year,Yes,Bank transfer (automatic),94.63,1608.71,No
C00505,Female,0,Yes,Yes,15,Yes,No,DSL,Yes,No,Yes,No,Yes,No,Two year,Yes,Credit card (automatic),78.69,1180.35,No
C00506,Female,0,No,No,9,Yes,No,Fiber optic,Yes,Yes,Yes,No,Yes,No,Two year,Yes,Electronic check,116.52,1048.68,No
C00507,Female,0,Yes,Yes,10,Yes,Yes,No,No,No,No,No,No,No,Two year,No,Mailed check,26.69,266.9,Yes
C00508,Female,0,Yes,No,70,Yes,No,DSL,No,Yes,No,Yes,No,Yes,Two year,No,Mailed check,86.27,6038.9,No
C00509,Male,1,No,Yes,42,Yes,Yes,DSL,Yes,Yes,No,No,No,Yes,Two year,No,Mailed check,109.69,4606.98,No
C00510,Female,0,No,No,64,Yes,Yes,No,No,No,No,No,No,No,Two year,Yes,Bank transfer (automatic),23.72,1518.08,No
C00511,Male,0,Yes,No,5,Yes,Yes,Fiber optic,No,No,Yes,Yes,No,No,Month-to-month,Yes,Mailed check,99.42,497.1,No
C00512,Female,0,No,Yes,39,Yes,No,No,No,No,No,No,No,No,Two year,Yes,Mailed check,29.93,1167.27,No
C00513,Male,0,No,No,70,Yes,No,DSL,Yes,No,Yes,Yes,Yes,Yes,Two year,Yes,Credit card (automatic),54.01,3780.7,No
C00514,Male,0,Yes,No,57,Yes,No,Fiber optic,No,Yes,No,No,No,No,Month-to-month,Yes,Credit card (automatic),102.6,5848.2,No
C00515,Female,1,Yes,No,30,Yes,Yes,Fiber optic,No,No,Yes,Yes,No,No,One year,No,Electronic check,69.79,2093.7,Yes
C00516,Male,0,No,Yes,7,Yes,Yes,No,No,No,No,No,No,No,Month-to-month,Yes,Bank transfer (automatic),24.94,174.58,No
C00517,Male,0,No,No,16,Yes,No,Fiber optic,No,Yes,Yes,No,No,Yes,Two year,Yes,Bank transfer (automatic),103.16,1650.56,No
C00518,Male,0,No,Yes,44,Yes,Yes,Fiber optic,Yes,No,Yes,No,No,No,Month-to-month,Yes,Bank transfer (automatic),60.95,2681.8,No
C00519,Male,0,Yes,No,57,Yes,Yes,Fiber optic,No,Yes,No,No,No,Yes,One year,No,Mailed check,74.21,4229.97,No
C00520,Female,0,No,Yes,70,Yes,Yes,Fiber optic,No,Yes,No,No,No,No,One year,Yes,Mailed check,112.99,7909.3,Yes
C00521,Male,0,Yes,Yes,20,Yes,No,Fiber optic,No,Yes,Yes,Yes,Yes,No,One year,No,Mailed check,58.96,1179.2,No
C00522,Female,0,Yes,No,26,Yes,No,Fiber optic,Yes,No,No,No,Yes,Yes,One year,Yes,Mailed check,79.32,2062.32,No
C00523,Male,0,No,Yes,58,Yes,No,No,No,No,No,No,No,No,Month-to-month,No,Credit card (automatic),39.59,2296.22,Yes
C00524,Female,0,No,Yes,37,Yes,Yes,Fiber optic,No,Yes,No,No,Yes,Yes,Two year,No,Electronic check,89.57,3314.09,No
C00525,Male,1,No,No,12,Yes,No,DSL,No,No,Yes,Yes,Yes,No,Two year,Yes,Mailed check,74.47,893.64,Yes
C00526,Male,0,Yes,Yes,68,Yes,No,DSL,No,No,Yes,Yes,Yes,Yes,One year,No,Mailed check,79.26,5389.68,Yes
C00527,Female,0,Yes,No,33,Yes,No,No,No,No,No,No,No,No,Month-to-month,No,Bank transfer (automatic),30.47,1005.51,Yes
C00528,Male,1,No,Yes,58,Yes,No,No,No,No,No,No,No,No,Month-to-month,Yes,Bank transfer (automatic),30.85,1789.3,No
C00529,Female,0,Yes,Yes,70,Yes,No,No,No,No,No,No,No,No,One year,No,Bank transfer (automatic),24.52,1716.4,No
C00530,Female,0,Yes,Yes,5,Yes,No,Fiber optic,No,No,Yes,Yes,Yes,No,One year,Yes,Credit card (automatic),116.2,581.0,No
C00531,Female,0,Yes,Yes,16,Yes,No,DSL,Yes,No,Yes,Yes,Yes,No,One year,No,Bank transfer (automatic),78.82,1261.12,No
C00532,Male,0,No,Yes,40,Yes,No,No,No,No,No,No,No,No,Month-to-month,Yes,Bank transfer (automatic),22.24,889.6,No
C00533,Female,1,Yes,Yes,63,Yes,No,DSL,No,Yes,Yes,Yes,Yes,No,Two year,Yes,Electronic check,84.81,5343.03,No
C00534,Male,1,No,Yes,26,Yes,No,DSL,No,Yes,No,Yes,No,No,Two year,Yes,Bank transfer (automatic),73.12,1901.12,No
C00535,Male,0,Yes,No,14,Yes,Yes,DSL,Yes,No,Yes,Yes,No,No,Month-to-month,Yes,Credit card (automatic),66.72,934.08,No
C00536,Female,1,No,No,26,Yes,No,No,No,No,No,No,No,No,One year,No,Credit card (automatic),31.16,810.16,No
C00537,Female,0,Yes,Yes,3,Yes,No,Fiber optic,Yes,Yes,No,Yes,Yes,No,Two year,No,Credit card (automatic),113.65,340.95,No
C00538,Male,0,Yes,No,6,Yes,Yes,Fiber optic,No,No,No,No,No,Yes,Two year,Yes,Credit card (automatic),76.04,456.24,No
C00539,Female,0,Yes,Yes,43,Yes,No,Fiber optic,Yes,No,No,Yes,Yes,No,Two year,Yes,Bank transfer (automatic),104.29,4484.47,No
C00540,Female,0,Yes,Yes,8,Yes,Yes,DSL,Yes,No,Yes,No,No,Yes,Two year,Yes,Mailed check,70.1,560.8,No
C00541,Female,0,No,No,72,Yes,No,Fiber optic,No,No,No,Yes,Yes,No,Two year,No,Bank transfer (automatic),105.85,7621.2,No
C00542,Female,1,Yes,Yes,42,Yes,Yes,DSL,Yes,No,No,Yes,No,No,Two year,No,Bank transfer (automatic),81.33,3415.86,No
C00543,Female,0,No,Yes,3,Yes,Yes,No,No,No,No,No,No,No,Month-to-month,Yes,Electronic check,27.26,81.78,No
C00544,Male,0,No,No,33,Yes,Yes,No,No,No,No,No,No,No,Two year,Yes,Electronic check,31.96,1054.68,Yes
C00545,Female,0,Yes,No,32,Yes,No,DSL,Yes,Yes,Yes,No,No,No,Two year,Yes,Electronic check,95.8,3065.6,Yes
C00546,Male,0,No,No,70,Yes,Yes,No,No,No,No,No,No,No,Month-to-month,No,Bank transfer (automatic),39.36,2755.2,No
C00547,Female,0,No,No,11,Yes,Yes,DSL,No,Yes,Yes,Yes,Yes,No,Month-to-month,Yes,Bank transfer (automatic),85.36,938.96,No
C00548,Female,0,No,Yes,21,Yes,Yes,DSL,No,No,No,Yes,Yes,Yes,One year,Yes,Electronic check,100.76,2115.96,No
C00549,Female,1,No,Yes,59,Yes,Yes,DSL,Yes,Yes,Yes,Yes,Yes,No,Two year,Yes,Bank transfer (automatic),61.36,3620.24,Yes
C00550,Male,0,Yes,No,68,Yes,Yes,Fiber optic,Yes,No,Yes,Yes,Yes,Yes,Two year,Yes,Electronic check,100.35,6823.8,No
C00551,Male,0,Yes,Yes,5,Yes,No,No,No,No,No,No,No,No,Two year,No,Mailed check,39.47,197.35,No
C00552,Female,0,Yes,Yes,50,Yes,Yes,No,No,No,No,No,No,No,Month-to-month,No,Electronic check,22.21,1110.5,No
C00553,Male,1,No,No,66,Yes,No,Fiber optic,Yes,Yes,No,Yes,Yes,Yes,Two year,No,Bank transfer (automatic),107.51,7095.66,No
C00554,Female,0,Yes,Yes,3,Yes,No,DSL,No,No,Yes,No,No,Yes,One year,Yes,Electronic check,111.59,334.77,No
C00555,Male,0,Yes,Yes,28,Yes,Yes,Fiber optic,No,Yes,Yes,No,No,No,One year,Yes,Mailed check,107.82,3018.96,Yes
C00556,Female,0,No,Yes,52,Yes,Yes,DSL,No,No,Yes,No,No,Yes,Two year,No,Mailed check,113.38,5895.76,No
C00557,Female,0,No,No,57,Yes,Yes,Fiber optic,No,No,No,No,Yes,Yes,Month-to-month,Yes,Electronic check,80.49,4587.93,No
C00558,Female,0,Yes,Yes,11,Yes,No,DSL,Yes,No,No,Yes,Yes,No,Two year,No,Bank transfer (automatic),109.06,1199.66,No
C00559,Female,0,Yes,Yes,16,Yes,No,No,No,No,No,No,No,No,One year,Yes,Electronic check,22.13,354.08,No
C00560,Female,0,Yes,No,47,Yes,No,No,No,No,No,No,No,No,One year,No,Electronic check,23.5,1104.5,No
C00561,Female,0,No,Yes,72,Yes,No,No,No,No,No,No,No,No,Month-to-month,No,Bank transfer (automatic),21.45,1544.4,Yes
C00562,Male,0,Yes,No,58,Yes,No,No,No,No,No,No,No,No,One year,Yes,Credit card (automatic),30.25,1754.5,No
C00563,Male,0,No,No,57,Yes,No,No,No,No,No,No,No,No,Two year,Yes,Mailed check,26.08,1486.56,No
C00564,Male,1,No,No,17,Yes,Yes,No,No,No,No,No,No,No,Month-to-month,No,Mailed check,35.32,600.44,No
C00565,Male,0,Yes,Yes,6,Yes,Yes,Fiber optic,Yes,Yes,No,Yes,No,Yes,One year,Yes,Bank transfer (automatic),96.95,581.7,No
C00566,Male,0,No,Yes,46,Yes,No,No,No,No,No,No,No,No,Two year,No,Bank transfer (automatic),29.21,1343.66,No
C00567,Male,0,Yes,No,35,Yes,Yes,DSL,No,Yes,Yes,No,No,Yes,One year,No,Bank transfer (automatic),78.89,2761.15,No
C00568,Female,0,Yes,Yes,25,Yes,Yes,No,No,No,No,No,No,No,Two year,Yes,Credit card (automatic),28.43,710.75,Yes
C00569,Female,1,No,Yes,22,Yes,No,DSL,No,No,No,No,No,No,One year,No,Credit card (automatic),110.08,2421.76,No
C00570,Female,1,No,Yes,42,Yes,No,Fiber optic,Yes,No,Yes,No,No,No,Two year,Yes,Electronic check,98.95,4155.9,No
C00571,Male,1,Yes,No,63,Yes,Yes,DSL,No,No,Yes,Yes,Yes,No,Month-to-month,Yes,Electronic check,89.14,5615.82,No
C00572,Male,0,No,Yes,19,Yes,Yes,Fiber optic,Yes,No,No,Yes,Yes,Yes,One year,No,Electronic check,111.09,2110.71,Yes
C00573,Female,0,Yes,Yes,61,Yes,No,No,No,No,No,No,No,No,Two year,No,Bank transfer (automatic),21.37,1303.57,No
C00574,Female,0,Yes,Yes,33,Yes,Yes,DSL,No,No,Yes,No,No,Yes,One year,No,Credit card (automatic),82.81,2732.73,No
C00575,Female,0,No,No,59,Yes,Yes,Fiber optic,Yes,No,No,No,No,No,Two year,No,Mailed check,101.12,5966.08,No
C00576,Female,0,Yes,Yes,8,Yes,Yes,No,No,No,No,No,No,No,One year,Yes,Credit card (automatic),37.55,300.4,No
C00577,Female,0,No,No,55,Yes,Yes,No,No,No,No,No,No,No,Month-to-month,No,Bank transfer (automatic),30.63,1684.65,No
C00578,Female,0,Yes,Yes,12,Yes,Yes,DSL,No,Yes,No,No,No,Yes,One year,Yes,Electronic check,90.8,1089.6,No
C00579,Female,1,Yes,Yes,21,Yes,No,DSL,No,No,Yes,Yes,No,Yes,Month-to-month,Yes,Mailed check,54.45,1143.45,No
C00580,Female,0,Yes,No,33,Yes,Yes,DSL,Yes,No,Yes,No,No,Yes,One year,No,Mailed check,101.63,3353.79,No
C00581,Female,0,No,No,35,Yes,No,DSL,No,No,No,No,No,Yes,Two year,No,Bank transfer (automatic),108.05,3781.75,No
C00582,Female,0,No,No,45,Yes,No,No,No,No,No,No,No,No,Month-to-month,Yes,Bank transfer (automatic),33.89,1525.05,Yes
C00583,Female,1,No,Yes,46,Yes,No,Fiber optic,Yes,Yes,No,Yes,No,Yes,Two year,Yes,Electronic check,104.17,4791.82,No
C00584,Male,1,Yes,Yes,22,Yes,Yes,DSL,No,No,Yes,No,No,No,Month-to-month,No,Mailed check,92.5,2035.0,No
C00585,Female,0,Yes,No,29,Yes,No,Fiber optic,No,Yes,No,Yes,No,Yes,Two year,Yes,Electronic check,94.77,2748.33,No
C00586,Male,0,No,Yes,4,Yes,No,Fiber optic,Yes,Yes,No,No,No,Yes,Two year,No,Mailed check,76.92,307.68,No
C00587,Female,0,Yes,No,66,Yes,Yes,Fiber optic,No,Yes,No,No,Yes,No,Two year,Yes,Bank transfer (automatic),69.01,4554.66,No
C00588,Female,1,Yes,No,72,Yes,No,Fiber optic,No,Yes,Yes,No,Yes,Yes,One year,Yes,Mailed check,94.39,6796.08,Yes
C00589,Female,0,Yes,Yes,17,Yes,Yes,No,No,No,No,No,No,No,Two year,Yes,Mailed check,20.8,353.6,No
C00590,Female,1,Yes,No,65,Yes,No,Fiber optic,Yes,Yes,No,Yes,No,No,Month-to-month,Yes,Credit card (automatic),81.53,5299.45,No
C00591,Male,0,No,No,14,Yes,No,DSL,No,No,No,No,No,Yes,Two year,No,Credit card (automatic),92.75,1298.5,No
C00592,Male,0,No,No,13,Yes,No,Fiber optic,Yes,Yes,No,Yes,Yes,Yes,Month-to-month,Yes,Electronic check,87.59,1138.67,No
C00593,Female,0,No,No,8,Yes,Yes,No,No,No,No,No,No,No,Two year,Yes,Mailed check,20.73,165.84,Yes
C00594,Female,0,Yes,No,49,Yes,No,DSL,No,Yes,No,Yes,No,No,Month-to-month,Yes,Credit card (automatic),65.3,3199.7,No
C00595,Male,0,Yes,No,9,Yes,No,DSL,No,Yes,Yes,No,Yes,Yes,Two year,Yes,Mailed check,107.17,964.53,No
C00596,Female,0,Yes,No,21,Yes,No,DSL,Yes,No,No,Yes,Yes,No,Two year,Yes,Electronic check,74.17,1557.57,No
C00597,Male,1,Yes,No,13,Yes,Yes,No,No,No,No,No,No,No,One year,No,Credit card (automatic),33.51,435.63,Yes
C00598,Male,0,Yes,Yes,46,Yes,Yes,DSL,Yes,Yes,Yes,Yes,No,Yes,Two year,No,Electronic check,61.56,2831.76,No
C00599,Male,0,No,No,72,Yes,Yes,Fiber optic,Yes,Yes,No,Yes,Yes,Yes,One year,Yes,Bank transfer (automatic),113.53,8174.16,No
C00600,Male,0,No,Yes,33,Yes,No,DSL,Yes,No,No,Yes,Yes,No,Month-to-month,Yes,Mailed check,107.67,3553.11,No
C00601,Male,0,Yes,Yes,8,Yes,No,Fiber optic,Yes,No,No,No,Yes,Yes,Month-to-month,Yes,Electronic check,110.4,883.2,Yes
C00602,Male,0,No,Yes,47,Yes,Yes,Fiber optic,No,Yes,No,Yes,Yes,Yes,Two year,No,Bank transfer (automatic),54.17,2545.99,No
C00603,Male,0,No,No,66,Yes,No,Fiber optic,Yes,Yes,No,Yes,Yes,Yes,Month-to-month,Yes,Electronic check,96.57,6373.62,No
C00604,Male,0,Yes,No,19,Yes,No,Fiber optic,No,No,Yes,Yes,Yes,Yes,One year,Yes,Bank transfer (automatic),91.74,1743.06,No
C00605,Female,1,Yes,Yes,15,Yes,Yes,Fiber optic,Yes,Yes,No,Yes,Yes,No,Two year,Yes,Credit card (automatic),102.49,1537.35,No
C00606,Male,0,Yes,Yes,66,Yes,Yes,Fiber optic,No,Yes,Yes,Yes,Yes,Yes,Month-to-month,Yes,Mailed check,112.16,7402.56,No
C00607,Female,0,No,Yes,51,Yes,No,DSL,No,Yes,No,No,No,Yes,One year,Yes,Electronic check,113.93,5810.43,No
C00608,Female,1,Yes,No,70,Yes,Yes,Fiber optic,No,Yes,No,Yes,No,No,Two year,No,Electronic check,58.44,4090.8,No
C00609,Male,0,No,No,16,Yes,No,DSL,No,Yes,Yes,No,Yes,Yes,One year,Yes,Credit card (automatic),119.39,1910.24,No
C00610,Male,0,Yes,No,12,Yes,Yes,No,No,No,No,No,No,No,Two year,No,Credit card (automatic),25.9,310.8,No
C00611,Female,0,No,No,62,Yes,No,DSL,No,No,No,No,Yes,Yes,One year,No,Bank transfer (automatic),89.1,5524.2,No
C00612,Male,0,Yes,No,38,Yes,Yes,DSL,No,No,No,No,No,Yes,Two year,Yes,Mailed check,109.19,4149.22,No
C00613,Female,0,No,No,45,Yes,Yes,No,No,No,No,No,No,No,Month-to-month,No,Bank transfer (automatic),25.51,1147.95,No
C00614,Male,0,No,Yes,60,Yes,Yes,Fiber optic,No,No,No,No,Yes,Yes,One year,No,Bank transfer (automatic),65.84,3950.4,No
C00615,Female,0,No,Yes,44,Yes,Yes,Fiber optic,Yes,Yes,No,No,Yes,Yes,Month-to-month,No,Mailed check,114.16,5023.04,No
C00616,Female,0,Yes,Yes,48,Yes,Yes,Fiber optic,No,Yes,No,Yes,No,Yes,Two year,Yes,Electronic check,50.86,2441.28,No
C00617,Female,0,No,No,33,Yes,Yes,No,No,No,No,No,No,No,Two year,No,Electronic check,30.52,1007.16,No
C00618,Male,0,No,No,7,Yes,No,No,No,No,No,No,No,No,Two year,No,Credit card (automatic),22.85,159.95,No
C00619,Male,0,No,Yes,20,Yes,Yes,DSL,Yes,Yes,Yes,No,No,Yes,One year,No,Electronic check,73.78,1475.6,No
C00620,Male,0,Yes,No,35,Yes,Yes,Fiber optic,No,Yes,Yes,Yes,No,Yes,Month-to-month,No,Mailed check,73.84,2584.4,Yes
C00621,Male,0,Yes,Yes,49,Yes,Yes,No,No,No,No,No,No,No,One year,Yes,Bank transfer (automatic),22.03,1079.47,No
C00622,Female,0,Yes,No,48,Yes,No,DSL,No,No,No,Yes,No,Yes,Two year,No,Credit card (automatic),65.25,3132.0,No
C00623,Female,0,No,Yes,4,Yes,Yes,DSL,Yes,No,Yes,Yes,Yes,Yes,Two year,No,Credit card (automatic),61.72,246.88,No
C00624,Male,0,No,Yes,59,Yes,No,Fiber optic,Yes,Yes,Yes,Yes,Yes,No,Two year,No,Mailed check,87.23,5146.57,Yes
C00625,Female,0,Yes,Yes,46,Yes,No,DSL,No,No,No,Yes,Yes,Yes,Two year,Yes,Electronic check,52.17,2399.82,No
C00626,Female,0,Yes,Yes,50,Yes,Yes,No,No,No,No,No,No,No,One year,Yes,Bank transfer (automatic),26.26,1313.0,Yes
C00627,Male,0,Yes,Yes,42,Yes,No,DSL,No,Yes,No,No,Yes,Yes,Two year,Yes,Electronic check,113.01,4746.42,Yes
C00628,Male,1,Yes,No,35,Yes,Yes,Fiber optic,No,No,No,Yes,Yes,Yes,Month-to-month,Yes,Electronic check,112.19,3926.65,No
C00629,Male,0,Yes,No,29,Yes,No,DSL,No,No,No,No,No,Yes,One year,No,Credit card (automatic),70.19,2035.51,No
C00630,Female,0,No,Yes,22,Yes,No,No,No,No,No,No,No,No,One year,Yes,Bank transfer (automatic),30.83,678.26,Yes
C00631,Male,0,Yes,Yes,34,Yes,Yes,No,No,No,No,No,No,No,Month-to-month,Yes,Electronic check,23.37,794.58,No
C00632,Male,0,Yes,Yes,3,Yes,Yes,Fiber optic,No,No,No,No,No,Yes,One year,Yes,Credit card (automatic),71.16,213.48,No
C00633,Male,0,Yes,No,46,Yes,No,Fiber optic,Yes,No,No,No,Yes,Yes,Two year,Yes,Mailed check,97.42,4481.32,No
C00634,Female,0,Yes,No,68,Yes,No,DSL,No,No,No,Yes,Yes,Yes,One year,Yes,Bank transfer (automatic),74.31,5053.08,No
C00635,Female,0,No,No,13,Yes,Yes,Fiber optic,Yes,Yes,Yes,No,No,No,Two year,Yes,Credit card (automatic),93.84,1219.92,No
C00636,Male,0,Yes,Yes,17,Yes,Yes,Fiber optic,No,Yes,No,No,No,No,One year,No,Credit card (automatic),101.42,1724.14,No
C00637,Male,0,No,No,24,Yes,No,No,No,No,No,No,No,No,Month-to-month,No,Mailed check,32.41,777.84,No
C00638,Male,0,Yes,Yes,28,Yes,Yes,Fiber optic,Yes,No,Yes,No,No,No,Month-to-month,No,Bank transfer (automatic),109.68,3071.04,No
C00639,Female,1,No,Yes,64,Yes,No,DSL,Yes,Yes,Yes,Yes,No,Yes,Month-to-month,No,Credit card (automatic),91.51,5856.64,No
C00640,Male,0,Yes,Yes,47,Yes,No,No,No,No,No,No,No,No,One year,No,Electronic check,37.4,1757.8,Yes
C00641,Male,0,Yes,No,5,Yes,No,No,No,No,No,No,No,No,Two year,Yes,Electronic check,35.88,179.4,No
C00642,Male,1,Yes,No,12,Yes,No,DSL,No,Yes,Yes,No,No,No,Two year,Yes,Bank transfer (automatic),117.87,1414.44,No
C00643,Female,0,Yes,Yes,52,Yes,No,No,No,No,No,No,No,No,Month-to-month,No,Mailed check,37.27,1938.04,No
C00644,Female,0,Yes,No,33,Yes,No,Fiber optic,No,No,Yes,Yes,No,Yes,Month-to-month,No,Electronic check,89.39,2949.87,No
C00645,Male,0,No,Yes,64,Yes,No,DSL,Yes,No,Yes,Yes,Yes,No,Month-to-month,Yes,Credit card (automatic),84.46,5405.44,No
C00646,Female,1,Yes,No,51,Yes,Yes,Fiber optic,No,No,No,No,No,No,Two year,Yes,Mailed check,92.15,4699.65,No
C00647,Female,0,No,No,35,Yes,No,Fiber optic,No,Yes,No,Yes,No,No,Month-to-month,Yes,Bank transfer (automatic),64.03,2241.05,Yes
C00648,Male,1,No,No,72,Yes,Yes,Fiber optic,Yes,Yes,Yes,Yes,Yes,No,Month-to-month,No,Electronic check,54.37,3914.64,No
C00649,Female,0,Yes,Yes,13,Yes,Yes,No,No,No,No,No,No,No,Month-to-month,Yes,Credit card (automatic),39.43,512.59,No
C00650,Female,0,No,No,22,Yes,No,No,No,No,No,No,No,No,Two year,Yes,Credit card (automatic),33.75,742.5,No
C00651,Female,0,Yes,No,42,Yes,Yes,Fiber optic,No,Yes,Yes,Yes,No,No,One year,No,Credit card (automatic),94.28,3959.76,No
C00652,Female,0,No,No,41,Yes,Yes,No,No,No,No,No,No,No,Month-to-month,Yes,Mailed check,25.58,1048.78,No
C00653,Female,1,Yes,No,47,Yes,Yes,DSL,No,Yes,Yes,No,Yes,No,One year,No,Mailed check,119.34,5608.98,No
C00654,Male,1,No,No,71,Yes,No,No,No,No,No,No,No,No,One year,No,Electronic check,20.05,1423.55,Yes
C00655,Male,0,Yes,Yes,37,Yes,Yes,No,No,No,No,No,No,No,One year,Yes,Electronic check,34.81,1287.97,Yes
C00656,Male,0,No,Yes,5,Yes,Yes,DSL,No,Yes,Yes,No,Yes,No,One year,No,Credit card (automatic),107.53,537.65,No
C00657,Male,1,Yes,No,35,Yes,No,DSL,No,No,No,No,No,Yes,One year,Yes,Mailed check,92.95,3253.25,Yes
C00658,Male,0,Yes,No,46,Yes,Yes,DSL,Yes,No,Yes,Yes,No,No,One year,Yes,Electronic check,69.62,3202.52,No
C00659,Male,0,No,Yes,72,Yes,No,No,No,No,No,No,No,No,Month-to-month,Yes,Electronic check,22.22,1599.84,No
C00660,Male,1,No,No,34,Yes,Yes,No,No,No,No,No,No,No,Month-to-month,Yes,Mailed check,20.12,684.08,Yes
C00661,Male,1,Yes,No,66,Yes,Yes,DSL,Yes,No,Yes,No,Yes,No,Month-to-month,No,Credit card (automatic),55.38,3655.08,No
C00662,Female,0,Yes,Yes,16,Yes,Yes,No,No,No,No,No,No,No,Month-to-month,No,Electronic check,29.57,473.12,Yes
C00663,Male,0,Yes,No,56,Yes,Yes,DSL,No,No,No,No,Yes,Yes,Month-to-month,No,Electronic check,70.67,3957.52,No
C00664,Male,0,Yes,No,8,Yes,Yes,DSL,No,No,Yes,No,Yes,No,Month-to-month,No,Bank transfer (automatic),70.48,563.84,Yes
C00665,Female,0,No,No,53,Yes,Yes,Fiber optic,No,Yes,No,Yes,No,Yes,One year,No,Mailed check,108.96,5774.88,No
C00666,Male,0,Yes,No,13,Yes,Yes,Fiber optic,Yes,Yes,No,No,Yes,No,One year,No,Mailed check,92.24,1199.12,No
C00667,Female,0,No,No,31,Yes,No,DSL,Yes,Yes,No,No,Yes,Yes,One year,Yes,Mailed check,112.21,3478.51,No
C00668,Male,0,Yes,No,10,Yes,No,Fiber optic,No,No,Yes,Yes,No,No,One year,Yes,Electronic check,107.5,1075.0,No
C00669,Male,0,No,Yes,14,Yes,Yes,Fiber optic,No,Yes,No,No,No,No,Month-to-month,No,Bank transfer (automatic),82.42,1153.88,No
C00670,Male,0,Yes,No,22,Yes,Yes,DSL,Yes,No,No,No,No,No,Two year,No,Credit card (automatic),89.43,1967.46,Yes
C00671,Female,1,Yes,Yes,8,Yes,Yes,DSL,Yes,Yes,No,No,Yes,No,Month-to-month,Yes,Credit card (automatic),69.0,552.0,Yes
C00672,Male,0,No,Yes,49,Yes,Yes,DSL,Yes,No,No,Yes,No,No,One year,No,Electronic check,72.23,3539.27,Yes
C00673,Male,0,No,Yes,26,Yes,Yes,Fiber optic,No,No,Yes,Yes,No,Yes,Two year,Yes,Mailed check,100.05,2601.3,No
C00674,Male,1,No,No,50,Yes,Yes,Fiber optic,No,No,Yes,No,Yes,Yes,Month-to-month,Yes,Bank transfer (automatic),82.69,4134.5,No
C00675,Female,1,No,No,64,Yes,Yes,DSL,Yes,Yes,Yes,Yes,Yes,No,Two year,Yes,Electronic check,72.14,4616.96,Yes
C00676,Male,0,No,Yes,19,Yes,Yes,DSL,No,No,No,No,No,Yes,One year,Yes,Credit card (automatic),89.55,1701.45,No
C00677,Female,0,Yes,No,15,Yes,Yes,DSL,No,No,Yes,No,No,Yes,Two year,No,Credit card (automatic),116.01,1740.15,No
C00678,Female,0,Yes,No,56,Yes,Yes,Fiber optic,No,No,Yes,No,Yes,No,Month-to-month,Yes,Mailed check,117.49,6579.44,Yes
C00679,Male,0,Yes,No,29,Yes,Yes,Fiber optic,No,Yes,No,Yes,No,No,One year,Yes,Bank transfer (automatic),77.14,2237.06,No
C00680,Female,0,No,No,10,Yes,No,DSL,Yes,Yes,Yes,No,Yes,No,One year,Yes,Mailed check,59.74,597.4,No
C00681,Male,1,No,No,33,Yes,Yes,No,No,No,No,No,No,No,Two year,Yes,Credit card (automatic),25.57,843.81,Yes
C00682,Female,0,Yes,Yes,25,Yes,Yes,DSL,Yes,Yes,Yes,Yes,No,Yes,Month-to-month,No,Electronic check,70.86,1771.5,Yes
C00683,Male,0,No,No,12,Yes,Yes,No,No,No,No,No,No,No,Two year,Yes,Electronic check,39.99,479.88,Yes
C00684,Female,0,Yes,Yes,28,Yes,No,No,No,No,No,No,No,No,Month-to-month,No,Credit card (automatic),37.32,1044.96,No
C00685,Female,0,Yes,No,71,Yes,Yes,Fiber optic,Yes,Yes,No,Yes,Yes,No,Month-to-month,Yes,Mailed check,103.73,7364.83,No
C00686,Female,0,Yes,Yes,31,Yes,No,Fiber optic,Yes,No,No,Yes,No,No,Month-to-month,Yes,Bank transfer (automatic),100.38,3111.78,No
C00687,Female,1,Yes,Yes,54,Yes,No,Fiber optic,Yes,No,No,No,Yes,No,Month-to-month,Yes,Mailed check,111.61,6026.94,No
C00688,Male,0,Yes,Yes,45,Yes,No,Fiber optic,Yes,Yes,No,No,Yes,Yes,One year,Yes,Mailed check,52.52,2363.4,No
C00689,Male,1,No,Yes,36,Yes,No,No,No,No,No,No,No,No,Two year,Yes,Credit card (automatic),34.77,1251.72,No
C00690,Male,0,Yes,Yes,21,Yes,No,Fiber optic,No,Yes,Yes,No,No,No,Month-to-month,Yes,Electronic check,97.75,2052.75,No
C00691,Male,0,No,Yes,21,Yes,No,Fiber optic,No,No,No,Yes,No,No,Two year,No,Electronic check,70.12,1472.52,No
C00692,Male,0,Yes,Yes,54,Yes,Yes,DSL,No,No,Yes,Yes,No,Yes,One year,No,Mailed check,86.11,4649.94,No
C00693,Female,0,Yes,No,46,Yes,Yes,No,No,No,No,No,No,No,One year,No,Credit card (automatic),24.84,1142.64,No
C00694,Male,0,No,No,14,Yes,Yes,DSL,Yes,No,No,No,Yes,No,One year,No,Credit card (automatic),78.95,1105.3,No
C00695,Female,0,No,Yes,17,Yes,No,DSL,No,Yes,No,Yes,No,Yes,One year,Yes,Credit card (automatic),113.42,1928.14,No
C00696,Male,0,Yes,Yes,25,Yes,Yes,DSL,Yes,Yes,Yes,Yes,Yes,No,One year,No,Bank transfer (automatic),117.44,2936.0,No
C00697,Male,0,Yes,No,28,Yes,Yes,Fiber optic,No,Yes,Yes,Yes,Yes,Yes,Month-to-month,No,Credit card (automatic),68.71,1923.88,No
C00698,Female,0,Yes,Yes,27,Yes,No,Fiber optic,No,No,No,No,Yes,No,Month-to-month,Yes,Bank transfer (automatic),90.27,2437.29,Yes
C00699,Male,0,No,No,34,Yes,No,DSL,No,Yes,Yes,No,No,Yes,Two year,No,Mailed check,62.72,2132.48,No
C00700,Female,0,Yes,Yes,25,Yes,No,DSL,No,Yes,No,No,Yes,Yes,One year,Yes,Electronic check,104.12,2603.0,No
C00701,Male,0,Yes,Yes,12,Yes,No,Fiber optic,No,Yes,Yes,Yes,No,No,One year,No,Credit card (automatic),50.09,601.08,No
C00702,Male,0,No,No,7,Yes,No,DSL,Yes,No,No,Yes,No,No,One year,Yes,Mailed check,111.55,780.85,No
C00703,Male,0,Yes,No,8,Yes,Yes,No,No,No,No,No,No,No,Month-to-month,No,Credit card (automatic),35.66,285.28,No
C00704,Female,0,Yes,No,59,Yes,No,Fiber optic,No,No,Yes,Yes,No,Yes,Month-to-month,Yes,Mailed check,71.2,4200.8,Yes
C00705,Female,0,No,No,28,Yes,No,No,No,No,No,No,No,No,Two year,No,Electronic check,29.47,825.16,Yes
C00706,Male,0,Yes,Yes,4,Yes,Yes,Fiber optic,Yes,Yes,Yes,Yes,Yes,Yes,Month-to-month,No,Electronic check,117.05,468.2,No
C00707,Male,0,Yes,Yes,50,Yes,No,No,No,No,No,No,No,No,One year,No,Credit card (automatic),32.89,1644.5,No
C00708,Male,0,Yes,Yes,17,Yes,No,No,No,No,No,No,No,No,Two year,No,Mailed check,24.51,416.67,Yes
C00709,Male,0,No,Yes,26,Yes,Yes,Fiber optic,Yes,No,Yes,No,Yes,Yes,Two year,Yes,Bank transfer (automatic),109.3,2841.8,No
C00710,Male,0,No,No,53,Yes,No,Fiber optic,Yes,Yes,No,No,No,No,Month-to-month,Yes,Mailed check,86.91,4606.23,No
C00711,Male,0,No,No,65,Yes,No,Fiber optic,No,Yes,Yes,No,No,Yes,One year,Yes,Credit card (automatic),74.16,4820.4,No
C00712,Male,0,No,Yes,60,Yes,Yes,Fiber optic,Yes,No,Yes,No,Yes,No,Two year,Yes,Credit card (automatic),87.72,5263.2,Yes
C00713,Female,0,No,Yes,26,Yes,No,DSL,Yes,Yes,No,No,Yes,No,Two year,Yes,Bank transfer (automatic),60.31,1568.06,Yes
C00714,Female,0,No,No,54,Yes,No,No,No,No,No,No,No,No,Two year,Yes,Electronic check,28.31,1528.74,No
C00715,Female,0,Yes,No,61,Yes,Yes,Fiber optic,No,Yes,Yes,Yes,Yes,No,Month-to-month,No,Bank transfer (automatic),116.43,7102.23,No
C00716,Male,0,No,No,62,Yes,Yes,DSL,Yes,Yes,Yes,Yes,No,No,One year,Yes,Credit card (automatic),106.49,6602.38,No
C00717,Female,0,No,Yes,13,Yes,Yes,DSL,No,Yes,Yes,No,Yes,Yes,Month-to-month,Yes,Mailed check,82.1,1067.3,No
C00718,Male,1,No,No,8,Yes,Yes,Fiber optic,Yes,No,No,Yes,No,No,Month-to-month,Yes,Credit card (automatic),64.64,517.12,Yes
C00719,Female,1,Yes,Yes,50,Yes,Yes,DSL,Yes,No,Yes,No,No,No,Month-to-month,No,Electronic check,109.76,5488.0,No
C00720,Female,1,No,No,16,Yes,Yes,DSL,No,No,No,No,Yes,No,Two year,Yes,Mailed check,94.56,1512.96,No
C00721,Female,0,No,Yes,59,Yes,No,Fiber optic,Yes,Yes,Yes,Yes,No,Yes,Month-to-month,Yes,Bank transfer (automatic),118.68,7002.12,No
C00722,Male,0,No,Yes,18,Yes,Yes,No,No,No,No,No,No,No,Two year,Yes,Bank transfer (automatic),31.87,573.66,Yes
C00723,Male,0,No,No,26,Yes,Yes,DSL,Yes,No,No,No,No,Yes,One year,Yes,Bank transfer (automatic),50.99,1325.74,No
C00724,Male,0,No,No,17,Yes,Yes,No,No,No,No,No,No,No,Month-to-month,No,Bank transfer (automatic),39.2,666.4,No
C00725,Female,1,Yes,No,8,Yes,Yes,No,No,No,No,No,No,No,Two year,Yes,Bank transfer (automatic),23.23,185.84,No
C00726,Male,0,Yes,Yes,65,Yes,No,DSL,No,No,Yes,Yes,Yes,No,Two year,Yes,Credit card (automatic),82.08,5335.2,No
C00727,Female,1,No,Yes,44,Yes,Yes,No,No,No,No,No,No,No,Month-to-month,Yes,Bank transfer (automatic),20.24,890.56,Yes
C00728,Female,0,No,Yes,28,Yes,Yes,Fiber optic,Yes,No,No,No,Yes,No,Two year,Yes,Mailed check,66.01,1848.28,No
C00729,Male,0,Yes,Yes,66,Yes,Yes,DSL,Yes,Yes,Yes,Yes,No,No,Two year,No,Mailed check,86.03,5677.98,No
C00730,Male,0,Yes,Yes,27,Yes,Yes,No,No,No,No,No,No,No,One year,Yes,Electronic check,20.58,555.66,No
C00731,Male,0,No,No,10,Yes,Yes,DSL,Yes,Yes,No,Yes,No,Yes,Two year,No,Bank transfer (automatic),113.1,1131.0,Yes
C00732,Female,1,Yes,Yes,34,Yes,Yes,DSL,Yes,Yes,Yes,Yes,No,No,One year,Yes,Electronic check,119.53,4064.02,Yes
C00733,Female,0,Yes,Yes,67,Yes,Yes,No,No,No,No,No,No,No,Two year,No,Bank transfer (automatic),27.85,1865.95,No
C00734,Male,1,No,Yes,17,Yes,Yes,Fiber optic,No,No,No,Yes,No,Yes,One year,No,Mailed check,105.13,1787.21,No
C00735,Female,0,Yes,No,68,Yes,Yes,No,No,No,No,No,No,No,One year,Yes,Credit card (automatic),36.95,2512.6,No
C00736,Male,1,Yes,No,20,Yes,Yes,DSL,Yes,No,Yes,No,No,No,Two year,Yes,Bank transfer (automatic),57.13,1142.6,No
C00737,Male,0,Yes,No,5,Yes,Yes,No,No,No,No,No,No,No,One year,Yes,Credit card (automatic),20.72,103.6,Yes
C00738,Male,1,Yes,No,41,Yes,No,No,No,No,No,No,No,No,Month-to-month,No,Credit card (automatic),39.01,1599.41,No
C00739,Female,0,Yes,Yes,51,Yes,Yes,No,No,No,No,No,No,No,One year,Yes,Electronic check,28.55,1456.05,No
C00740,Female,0,Yes,Yes,60,Yes,Yes,DSL,Yes,Yes,Yes,No,No,Yes,Month-to-month,No,Mailed check,80.11,4806.6,No
C00741,Female,1,No,No,5,Yes,Yes,Fiber optic,No,No,No,Yes,Yes,Yes,One year,Yes,Electronic check,79.36,396.8,No
C00742,Female,0,No,No,15,Yes,Yes,Fiber optic,Yes,No,Yes,Yes,No,No,Two year,Yes,Credit card (automatic),88.12,1321.8,No
C00743,Female,0,No,No,19,Yes,No,DSL,Yes,No,Yes,No,No,Yes,Two year,Yes,Credit card (automatic),91.57,1739.83,Yes
C00744,Male,0,No,No,68,Yes,No,Fiber optic,No,No,Yes,Yes,No,Yes,Month-to-month,Yes,Bank transfer (automatic),70.67,4805.56,No
C00745,Male,0,No,No,24,Yes,No,DSL,Yes,Yes,Yes,No,Yes,Yes,Two year,Yes,Mailed check,107.87,2588.88,Yes
C00746,Male,0,Yes,Yes,24,Yes,Yes,DSL,No,No,No,Yes,No,Yes,One year,Yes,Electronic check,74.68,1792.32,No
C00747,Male,0,Yes,Yes,49,Yes,Yes,Fiber optic,No,No,No,Yes,Yes,Yes,One year,No,Mailed check,87.74,4299.26,No
C00748,Male,0,Yes,No,69,Yes,No,No,No,No,No,No,No,No,Month-to-month,No,Electronic check,27.84,1920.96,No
C00749,Male,0,No,Yes,60,Yes,No,DSL,Yes,No,Yes,No,No,No,One year,No,Mailed check,86.58,5194.8,Yes
C00750,Male,1,Yes,Yes,7,Yes,No,No,No,No,No,No,No,No,Month-to-month,No,Electronic check,24.07,168.49,Yes
C00751,Male,0,Yes,No,51,Yes,Yes,No,No,No,No,No,No,No,One year,No,Bank transfer (automatic),21.04,1073.04,Yes
C00752,Female,0,Yes,Yes,36,Yes,No,No,No,No,No,No,No,No,Month-to-month,No,Electronic check,34.84,1254.24,No
C00753,Female,0,Yes,No,50,Yes,No,DSL,Yes,No,Yes,No,Yes,Yes,One year,No,Bank transfer (automatic),112.72,5636.0,No
C00754,Female,0,No,Yes,51,Yes,Yes,Fiber optic,Yes,No,Yes,Yes,No,Yes,Month-to-month,No,Mailed check,62.71,3198.21,No
C00755,Female,1,No,Yes,39,Yes,No,DSL,No,Yes,Yes,No,Yes,No,Month-to-month,No,Electronic check,65.43,2551.77,No
C00756,Male,0,Yes,Yes,72,Yes,No,No,No,No,No,No,No,No,Two year,No,Credit card (automatic),33.22,2391.84,Yes
C00757,Female,0,Yes,Yes,32,Yes,No,DSL,Yes,No,Yes,No,Yes,No,Month-to-month,Yes,Electronic check,61.71,1974.72,No
C00758,Female,0,Yes,Yes,11,Yes,No,Fiber optic,Yes,Yes,Yes,Yes,Yes,No,Two year,No,Bank transfer (automatic),93.99,1033.89,No
C00759,Female,0,Yes,Yes,48,Yes,No,No,No,No,No,No,No,No,One year,No,Mailed check,25.93,1244.64,No
C00760,Male,0,No,Yes,65,Yes,Yes,No,No,No,No,No,No,No,Two year,Yes,Bank transfer (automatic),34.17,2221.05,Yes
C00761,Female,1,Yes,No,66,Yes,Yes,No,No,No,No,No,No,No,Month-to-month,No,Bank transfer (automatic),33.94,2240.04,No
C00762,Male,0,No,No,1,Yes,No,Fiber optic,No,Yes,No,Yes,No,No,One year,Yes,Mailed check,58.54,58.54,Yes
C00763,Female,1,No,Yes,57,Yes,Yes,Fiber optic,Yes,Yes,Yes,Yes,Yes,Yes,Month-to-month,No,Electronic check,69.19,3943.83,No
C00764,Female,0,No,Yes,13,Yes,Yes,No,No,No,No,No,No,No,One year,No,Credit card (automatic),24.27,315.51,No
C00765,Female,0,No,Yes,63,Yes,Yes,No,No,No,No,No,No,No,One year,Yes,Mailed check,35.29,2223.27,No
C00766,Female,0,No,No,64,Yes,Yes,Fiber optic,No,No,Yes,No,Yes,No,One year,Yes,Bank transfer (automatic),84.74,5423.36,No
C00767,Male,0,Yes,Yes,32,Yes,Yes,No,No,No,No,No,No,No,Month-to-month,No,Mailed check,27.74,887.68,No
C00768,Male,0,Yes,Yes,43,Yes,Yes,Fiber optic,Yes,No,No,No,Yes,Yes,Month-to-month,No,Bank transfer (automatic),108.73,4675.39,Yes
C00769,Male,0,No,No,14,Yes,No,Fiber optic,Yes,Yes,No,No,No,No,Two year,No,Bank transfer (automatic),109.03,1526.42,Yes
C00770,Female,0,No,Yes,29,Yes,No,No,No,No,No,No,No,No,One year,Yes,Electronic check,36.34,1053.86,No
C00771,Female,1,No,Yes,65,Yes,Yes,Fiber optic,Yes,No,No,No,Yes,Yes,One year,No,Bank transfer (automatic),71.62,4655.3,No
C00772,Female,0,No,No,64,Yes,No,No,No,No,No,No,No,No,Two year,No,Mailed check,34.29,2194.56,No
C00773,Male,0,Yes,No,43,Yes,Yes,No,No,No,No,No,No,No,One year,No,Mailed check,37.31,1604.33,Yes
C00774,Male,0,No,No,23,Yes,No,No,No,No,No,No,No,No,One year,No,Mailed check,26.33,605.59,No
C00775,Female,0,Yes,Yes,72,Yes,No,DSL,Yes,No,Yes,Yes,Yes,No,One year,No,Credit card (automatic),67.53,4862.16,No
C00776,Female,0,Yes,No,16,Yes,No,Fiber optic,Yes,No,Yes,Yes,No,No,Two year,No,Bank transfer (automatic),118.73,1899.68,No
C00777,Male,0,Yes,Yes,72,Yes,No,DSL,Yes,Yes,Yes,No,Yes,Yes,Two year,Yes,Credit card (automatic),53.63,3861.36,No
C00778,Female,0,Yes,Yes,5,Yes,No,No,No,No,No,No,No,No,Two year,No,Electronic check,27.06,135.3,No
C00779,Male,0,No,Yes,57,Yes,Yes,Fiber optic,No,No,Yes,No,No,Yes,Two year,Yes,Credit card (automatic),111.46,6353.22,No
C00780,Female,0,No,No,33,Yes,No,No,No,No,No,No,No,No,Two year,Yes,Mailed check,25.72,848.76,No
C00781,Female,0,No,No,69,Yes,No,DSL,No,No,No,Yes,No,Yes,Two year,No,Bank transfer (automatic),55.05,3798.45,No
C00782,Female,0,No,No,33,Yes,Yes,DSL,No,No,No,Yes,No,Yes,Two year,Yes,Mailed check,94.92,3132.36,No
C00783,Female,0,No,No,14,Yes,Yes,No,No,No,No,No,No,No,One year,No,Mailed check,35.62,498.68,No
C00784,Female,0,Yes,Yes,20,Yes,No,No,No,No,No,No,No,No,Two year,Yes,Mailed check,25.56,511.2,No
C00785,Male,0,Yes,Yes,57,Yes,Yes,No,No,No,No,No,No,No,Two year,Yes,Mailed check,20.23,1153.11,No
C00786,Male,1,No,Yes,66,Yes,No,DSL,No,Yes,Yes,No,No,No,Month-to-month,Yes,Mailed check,117.95,7784.7,Yes
C00787,Female,0,Yes,Yes,69,Yes,No,DSL,No,No,No,No,Yes,Yes,One year,No,Bank transfer (automatic),63.29,4367.01,No
C00788,Male,0,Yes,No,49,Yes,No,No,No,No,No,No,No,No,One year,Yes,Bank transfer (automatic),27.95,1369.55,No
C00789,Female,0,No,No,35,Yes,No,DSL,No,No,No,No,Yes,No,Month-to-month,No,Credit card (automatic),68.8,2408.0,No
C00790,Male,0,No,No,22,Yes,No,No,No,No,No,No,No,No,One year,Yes,Mailed check,22.88,503.36,No
C00791,Male,0,Yes,Yes,20,Yes,Yes,No,No,No,No,No,No,No,Month-to-month,No,Bank transfer (automatic),25.95,519.0,Yes
C00792,Male,0,Yes,No,66,Yes,No,DSL,Yes,Yes,No,Yes,Yes,No,Month-to-month,Yes,Mailed check,68.72,4535.52,Yes
C00793,Female,1,No,Yes,27,Yes,No,DSL,No,Yes,No,No,Yes,No,Month-to-month,No,Bank transfer (automatic),97.32,2627.64,No
C00794,Male,0,No,Yes,59,Yes,No,No,No,No,No,No,No,No,One year,Yes,Credit card (automatic),25.42,1499.78,No
C00795,Female,1,No,No,65,Yes,Yes,DSL,Yes,No,Yes,Yes,No,No,Month-to-month,Yes,Credit card (automatic),58.19,3782.35,No
C00796,Male,0,No,No,59,Yes,No,Fiber optic,No,Yes,Yes,No,No,No,Month-to-month,Yes,Mailed check,101.56,5992.04,No
C00797,Female,0,No,No,22,Yes,Yes,No,No,No,No,No,No,No,Two year,No,Credit card (automatic),32.5,715.0,No
C00798,Male,0,Yes,Yes,65,Yes,Yes,DSL,No,No,Yes,Yes,No,Yes,Month-to-month,No,Bank transfer (automatic),51.08,3320.2,No
C00799,Female,0,No,Yes,36,Yes,No,DSL,No,No,No,Yes,Yes,Yes,One year,Yes,Bank transfer (automatic),115.78,4168.08,No
C00800,Male,0,Yes,Yes,46,Yes,Yes,Fiber optic,Yes,No,Yes,No,Yes,No,One year,Yes,Electronic check,63.2,2907.2,No
C00801,Female,1,No,No,17,Yes,No,DSL,Yes,No,No,Yes,Yes,No,One year,No,Electronic check,84.86,1442.62,No
C00802,Female,0,No,No,25,Yes,Yes,DSL,No,No,No,No,Yes,Yes,Two year,Yes,Mailed check,80.38,2009.5,No
C00803,Male,0,Yes,Yes,27,Yes,Yes,Fiber optic,No,No,Yes,Yes,No,Yes,Month-to-month,No,Mailed check,50.63,1367.01,No
C00804,Male,0,Yes,No,41,Yes,Yes,No,No,No,No,No,No,No,Month-to-month,No,Electronic check,24.84,1018.44,No
C00805,Male,0,No,No,23,Yes,No,DSL,No,Yes,Yes,Yes,No,Yes,One year,Yes,Electronic check,53.5,1230.5,No
C00806,Female,0,Yes,No,69,Yes,No,DSL,No,Yes,Yes,Yes,No,No,Month-to-month,Yes,Electronic check,55.4,3822.6,No
C00807,Male,0,No,No,50,Yes,No,No,No,No,No,No,No,No,Two year,No,Bank transfer (automatic),34.65,1732.5,No
C00808,Female,0,No,Yes,48,Yes,No,No,No,No,No,No,No,No,One year,No,Electronic check,26.66,1279.68,No
C00809,Female,0,Yes,Yes,36,Yes,No,Fiber optic,No,Yes,No,No,No,Yes,Month-to-month,No,Credit card (automatic),115.29,4150.44,No
C00810,Male,0,Yes,Yes,65,Yes,Yes,No,No,No,No,No,No,No,Two year,No,Credit card (automatic),25.07,1629.55,No
C00811,Female,0,Yes,No,6,Yes,Yes,DSL,Yes,Yes,Yes,Yes,No,Yes,One year,Yes,Credit card (automatic),105.98,635.88,No
C00812,Female,1,No,No,54,Yes,Yes,DSL,Yes,No,No,Yes,No,Yes,Two year,Yes,Credit card (automatic),110.19,5950.26,Yes
C00813,Male,0,Yes,Yes,2,Yes,Yes,No,No,No,No,No,No,No,One year,Yes,Credit card (automatic),32.6,65.2,No
C00814,Male,0,Yes,No,40,Yes,Yes,No,No,No,No,No,No,No,Two year,No,Electronic check,28.85,1154.0,No
C00815,Male,1,Yes,Yes,18,Yes,No,Fiber optic,Yes,Yes,Yes,No,No,Yes,One year,Yes,Mailed check,107.73,1939.14,No
C00816,Male,0,Yes,Yes,57,Yes,Yes,Fiber optic,Yes,No,Yes,Yes,No,Yes,Two year,No,Mailed check,64.08,3652.56,No
C00817,Female,0,No,Yes,54,Yes,No,Fiber optic,No,Yes,Yes,Yes,Yes,Yes,One year,No,Credit card (automatic),51.98,2806.92,No
C00818,Male,0,Yes,Yes,3,Yes,Yes,DSL,Yes,Yes,Yes,Yes,No,Yes,One year,Yes,Electronic check,78.68,236.04,No
C00819,Female,0,Yes,Yes,38,Yes,Yes,Fiber optic,No,Yes,Yes,Yes,No,Yes,One year,Yes,Electronic check,57.83,2197.54,No
C00820,Female,0,Yes,Yes,21,Yes,No,DSL,No,Yes,Yes,Yes,No,Yes,One year,Yes,Electronic check,102.27,2147.67,No
C00821,Female,0,No,Yes,35,Yes,No,Fiber optic,Yes,No,Yes,No,Yes,No,One year,Yes,Mailed check,106.41,3724.35,Yes
C00822,Male,1,Yes,No,27,Yes,Yes,Fiber optic,No,Yes,No,Yes,Yes,No,One year,No,Mailed check,86.05,2323.35,No
C00823,Female,0,Yes,Yes,63,Yes,Yes,No,No,No,No,No,No,No,One year,No,Electronic check,21.53,1356.39,No
C00824,Male,0,No,No,46,Yes,Yes,DSL,Yes,Yes,Yes,Yes,Yes,No,One year,Yes,Credit card (automatic),113.97,5242.62,No
C00825,Female,0,Yes,Yes,49,Yes,No,No,No,No,No,No,No,No,One year,No,Electronic check,30.11,1475.39,No
C00826,Male,1,Yes,No,61,Yes,No,DSL,No,No,No,Yes,Yes,No,Two year,Yes,Credit card (automatic),77.49,4726.89,No
C00827,Male,0,No,No,22,Yes,Yes,No,No,No,No,No,No,No,Month-to-month,Yes,Electronic check,30.43,669.46,No
C00828,Female,1,No,Yes,67,Yes,Yes,DSL,Yes,Yes,Yes,No,No,No,One year,No,Bank transfer (automatic),79.02,5294.34,Yes
C00829,Male,0,No,Yes,37,Yes,No,DSL,Yes,Yes,No,No,Yes,No,Two year,No,Credit card (automatic),78.78,2914.86,No
C00830,Male,0,No,No,23,Yes,Yes,Fiber optic,No,Yes,No,No,No,No,One year,No,Mailed check,80.07,1841.61,No
C00831,Male,1,Yes,Yes,6,Yes,Yes,DSL,Yes,Yes,No,Yes,Yes,No,Two year,No,Bank transfer (automatic),105.26,631.56,No
C00832,Female,0,No,No,30,Yes,No,No,No,No,No,No,No,No,One year,No,Credit card (automatic),20.38,611.4,Yes
C00833,Male,1,Yes,Yes,10,Yes,Yes,DSL,No,Yes,Yes,Yes,Yes,Yes,Month-to-month,Yes,Mailed check,94.42,944.2,Yes
C00834,Male,0,Yes,No,28,Yes,No,No,No,No,No,No,No,No,Month-to-month,No,Bank transfer (automatic),26.22,734.16,Yes
C00835,Male,0,No,Yes,19,Yes,Yes,Fiber optic,No,Yes,Yes,No,No,Yes,One year,Yes,Electronic check,73.5,1396.5,No
C00836,Female,0,Yes,Yes,9,Yes,Yes,Fiber optic,Yes,No,No,Yes,No,No,Month-to-month,No,Electronic check,79.1,711.9,Yes
C00837,Male,0,No,No,40,Yes,No,Fiber optic,No,Yes,Yes,No,No,No,Month-to-month,Yes,Mailed check,99.15,3966.0,Yes
C00838,Female,0,Yes,No,13,Yes,No,DSL,Yes,No,No,Yes,Yes,No,Two year,Yes,Mailed check,110.94,1442.22,No
C00839,Male,0,Yes,Yes,48,Yes,Yes,No,No,No,No,No,No,No,One year,No,Bank transfer (automatic),32.11,1541.28,Yes
C00840,Female,0,Yes,Yes,26,Yes,No,DSL,Yes,No,Yes,No,Yes,No,One year,Yes,Credit card (automatic),85.86,2232.36,Yes
C00841,Female,0,Yes,Yes,67,Yes,Yes,Fiber optic,No,No,No,Yes,Yes,No,One year,No,Bank transfer (automatic),64.3,4308.1,No
C00842,Female,0,Yes,Yes,62,Yes,No,No,No,No,No,No,No,No,Two year,Yes,Bank transfer (automatic),35.86,2223.32,Yes
C00843,Male,0,No,No,29,Yes,Yes,Fiber optic,Yes,No,No,No,Yes,No,Month-to-month,Yes,Bank transfer (automatic),93.99,2725.71,No
C00844,Female,0,Yes,Yes,25,Yes,No,Fiber optic,No,Yes,Yes,Yes,No,Yes,Two year,No,Bank transfer (automatic),101.19,2529.75,No
C00845,Female,0,No,Yes,41,Yes,No,DSL,No,No,Yes,No,Yes,Yes,Two year,No,Electronic check,83.96,3442.36,No
C00846,Female,0,No,No,29,Yes,No,No,No,No,No,No,No,No,Month-to-month,No,Mailed check,23.67,686.43,No
C00847,Female,1,Yes,No,3,Yes,No,DSL,No,Yes,No,Yes,No,Yes,Month-to-month,Yes,Credit card (automatic),50.94,152.82,Yes
C00848,Female,0,No,No,18,Yes,Yes,No,No,No,No,No,No,No,One year,No,Mailed check,38.04,684.72,No
C00849,Male,0,No,No,22,Yes,Yes,DSL,No,Yes,Yes,Yes,Yes,Yes,One year,No,Bank transfer (automatic),83.55,1838.1,Yes
C00850,Male,0,Yes,No,57,Yes,Yes,No,No,No,No,No,No,No,Month-to-month,Yes,Bank transfer (automatic),39.63,2258.91,No
C00851,Male,0,No,No,20,Yes,No,Fiber optic,No,Yes,Yes,No,No,Yes,One year,Yes,Electronic check,119.8,2396.0,No
C00852,Female,0,Yes,Yes,3,Yes,No,Fiber optic,No,No,No,No,Yes,No,Two year,Yes,Credit card (automatic),74.54,223.62,No
C00853,Male,0,No,No,62,Yes,Yes,Fiber optic,No,No,Yes,No,Yes,Yes,Month-to-month,No,Mailed check,76.21,4725.02,No
C00854,Female,0,No,Yes,30,Yes,No,No,No,No,No,No,No,No,One year,No,Electronic check,24.35,730.5,No
C00855,Male,0,Yes,No,31,Yes,No,No,No,No,No,No,No,No,Month-to-month,No,Mailed check,36.09,1118.79,No
C00856,Female,0,Yes,Yes,25,Yes,Yes,DSL,Yes,No,No,No,Yes,No,Month-to-month,No,Mailed check,90.67,2266.75,No
C00857,Female,0,No,Yes,45,Yes,Yes,Fiber optic,No,No,No,Yes,Yes,No,One year,No,Bank transfer (automatic),74.51,3352.95,No
C00858,Female,0,No,Yes,64,Yes,Yes,Fiber optic,Yes,No,Yes,Yes,No,Yes,Two year,Yes,Credit card (automatic),99.93,6395.52,No
C00859,Female,0,Yes,No,6,Yes,Yes,No,No,No,No,No,No,No,Two year,Yes,Mailed check,35.0,210.0,No
C00860,Female,0,Yes,Yes,3,Yes,No,Fiber optic,No,Yes,Yes,No,Yes,No,Month-to-month,Yes,Credit card (automatic),80.32,240.96,No
C00861,Female,1,Yes,Yes,62,Yes,No,No,No,No,No,No,No,No,One year,Yes,Credit card (automatic),23.13,1434.06,No
C00862,Female,0,Yes,No,54,Yes,Yes,DSL,Yes,No,No,No,Yes,Yes,Two year,Yes,Bank transfer (automatic),77.03,4159.62,No
C00863,Female,0,Yes,No,59,Yes,No,No,No,No,No,No,No,No,Two year,No,Electronic check,37.23,2196.57,No
C00864,Male,0,Yes,Yes,11,Yes,Yes,Fiber optic,No,No,Yes,No,Yes,Yes,Month-to-month,Yes,Electronic check,63.15,694.65,Yes
C00865,Female,0,Yes,Yes,12,Yes,No,DSL,No,No,Yes,Yes,Yes,No,Month-to-month,Yes,Bank transfer (automatic),81.07,972.84,No
C00866,Male,1,No,Yes,62,Yes,No,Fiber optic,No,No,Yes,No,Yes,Yes,One year,Yes,Mailed check,98.47,6105.14,No
C00867,Female,1,No,No,61,Yes,No,No,No,No,No,No,No,No,Month-to-month,Yes,Credit card (automatic),26.49,1615.89,No
C00868,Male,0,No,Yes,13,Yes,Yes,DSL,No,Yes,No,No,Yes,No,One year,No,Mailed check,95.83,1245.79,No
C00869,Female,0,Yes,No,53,Yes,No,Fiber optic,No,No,No,Yes,No,Yes,One year,No,Bank transfer (automatic),107.05,5673.65,No
C00870,Male,0,Yes,No,70,Yes,No,DSL,No,Yes,Yes,Yes,Yes,Yes,Two year,No,Mailed check,105.07,7354.9,No
C00871,Male,0,Yes,Yes,33,Yes,No,No,No,No,No,No,No,No,Two year,Yes,Bank transfer (automatic),28.65,945.45,Yes
C00872,Female,0,Yes,Yes,70,Yes,No,Fiber optic,No,No,Yes,Yes,Yes,No,Month-to-month,No,Credit card (automatic),79.07,5534.9,No
C00873,Female,0,No,Yes,60,Yes,Yes,No,No,No,No,No,No,No,Month-to-month,No,Bank transfer (automatic),20.78,1246.8,No
C00874,Male,0,Yes,Yes,56,Yes,No,Fiber optic,Yes,Yes,No,No,Yes,No,Two year,No,Electronic check,64.07,3587.92,No
C00875,Male,0,Yes,Yes,71,Yes,Yes,No,No,No,No,No,No,No,Month-to-month,Yes,Mailed check,39.92,2834.32,No
C00876,Female,1,No,No,54,Yes,No,No,No,No,No,No,No,No,Two year,Yes,Electronic check,34.14,1843.56,No
C00877,Female,0,Yes,Yes,12,Yes,Yes,DSL,Yes,No,Yes,No,Yes,No,One year,Yes,Credit card (automatic),72.86,874.32,No
C00878,Female,0,No,Yes,67,Yes,No,No,No,No,No,No,No,No,Month-to-month,Yes,Credit card (automatic),39.95,2676.65,No
C00879,Female,0,Yes,Yes,13,Yes,Yes,DSL,Yes,Yes,No,No,Yes,No,Month-to-month,Yes,Bank transfer (automatic),59.11,768.43,Yes
C00880,Male,0,Yes,No,54,Yes,Yes,DSL,Yes,Yes,No,No,Yes,No,Month-to-month,Yes,Electronic check,89.63,4840.02,No
C00881,Male,0,No,No,35,Yes,Yes,Fiber optic,Yes,Yes,Yes,No,No,No,Month-to-month,No,Credit card (automatic),51.1,1788.5,Yes
C00882,Female,1,No,Yes,49,Yes,No,No,No,No,No,No,No,No,Month-to-month,Yes,Bank transfer (automatic),35.25,1727.25,Yes
C00883,Female,0,No,No,58,Yes,No,Fiber optic,Yes,No,No,Yes,Yes,No,One year,No,Electronic check,89.44,5187.52,No
C00884,Male,1,Yes,Yes,10,Yes,No,No,No,No,No,No,No,No,One year,Yes,Electronic check,27.81,278.1,Yes
C00885,Female,0,Yes,Yes,19,Yes,Yes,DSL,Yes,No,No,No,No,No,Month-to-month,Yes,Electronic check,80.96,1538.24,No
C00886,Female,0,No,No,20,Yes,No,Fiber optic,Yes,Yes,Yes,Yes,Yes,Yes,Month-to-month,No,Credit card (automatic),89.86,1797.2,No
C00887,Female,0,No,Yes,55,Yes,No,No,No,No,No,No,No,No,Two year,Yes,Credit card (automatic),32.37,1780.35,No
C00888,Male,0,Yes,Yes,21,Yes,No,No,No,No,No,No,No,No,Month-to-month,Yes,Mailed check,39.62,832.02,No
C00889,Female,0,No,No,38,Yes,No,DSL,Yes,Yes,No,No,No,No,Two year,No,Bank transfer (automatic),91.52,3477.76,Yes
C00890,Female,0,No,Yes,18,Yes,No,DSL,Yes,No,Yes,Yes,No,No,Month-to-month,No,Bank transfer (automatic),75.37,1356.66,No
C00891,Female,0,Yes,Yes,21,Yes,No,No,No,No,No,No,No,No,One year,Yes,Mailed check,32.63,685.23,Yes
C00892,Male,0,Yes,Yes,54,Yes,Yes,DSL,No,Yes,No,Yes,Yes,Yes,One year,Yes,Electronic check,69.27,3740.58,Yes
C00893,Female,0,No,Yes,4,Yes,No,DSL,Yes,No,Yes,Yes,No,No,Two year,Yes,Electronic check,78.97,315.88,No
C00894,Female,0,No,No,47,Yes,No,No,No,No,No,No,No,No,One year,No,Electronic check,29.06,1365.82,No
C00895,Male,0,Yes,Yes,50,Yes,No,No,No,No,No,No,No,No,Two year,Yes,Credit card (automatic),35.58,1779.0,No
C00896,Male,0,No,Yes,12,Yes,No,DSL,No,No,No,Yes,Yes,Yes,Two year,No,Mailed check,81.84,982.08,No
C00897,Female,1,Yes,Yes,28,Yes,No,DSL,Yes,No,No,Yes,No,No,Two year,No,Bank transfer (automatic),84.19,2357.32,No
C00898,Male,0,No,Yes,37,Yes,Yes,Fiber optic,No,No,No,No,No,Yes,One year,No,Bank transfer (automatic),108.37,4009.69,No
C00899,Male,0,No,Yes,72,Yes,No,DSL,No,No,Yes,No,No,No,Month-to-month,Yes,Bank transfer (automatic),56.64,4078.08,No
C00900,Male,0,No,No,29,Yes,No,Fiber optic,No,No,No,No,Yes,No,One year,No,Electronic check,79.63,2309.27,Yes
C00901,Male,0,Yes,No,55,Yes,Yes,Fiber optic,Yes,Yes,Yes,Yes,No,No,Month-to-month,No,Credit card (automatic),111.8,6149.0,No
C00902,Male,0,No,No,45,Yes,Yes,DSL,No,Yes,Yes,Yes,Yes,Yes,Two year,No,Credit card (automatic),118.33,5324.85,No
C00903,Male,0,No,No,35,Yes,No,Fiber optic,Yes,Yes,Yes,Yes,Yes,Yes,One year,No,Bank transfer (automatic),64.04,2241.4,No
C00904,Female,0,Yes,No,57,Yes,No,No,No,No,No,No,No,No,Two year,No,Bank transfer (automatic),29.3,1670.1,No
C00905,Female,0,Yes,Yes,20,Yes,Yes,Fiber optic,Yes,Yes,No,No,Yes,No,Two year,Yes,Electronic check,74.33,1486.6,No
C00906,Male,0,No,No,17,Yes,No,DSL,No,Yes,Yes,Yes,Yes,Yes,Month-to-month,No,Electronic check,109.68,1864.56,No
C00907,Male,0,No,Yes,11,Yes,Yes,DSL,No,No,Yes,Yes,No,No,Month-to-month,No,Mailed check,105.26,1157.86,Yes
C00908,Male,0,No,No,20,Yes,No,Fiber optic,No,Yes,Yes,No,No,No,Two year,Yes,Credit card (automatic),53.87,1077.4,No
C00909,Male,0,Yes,Yes,15,Yes,No,Fiber optic,No,Yes,No,Yes,No,No,One year,Yes,Mailed check,60.31,904.65,No
C00910,Male,0,Yes,Yes,40,Yes,No,DSL,Yes,No,No,No,Yes,Yes,One year,Yes,Electronic check,58.01,2320.4,Yes
C00911,Female,0,No,Yes,11,Yes,Yes,DSL,Yes,Yes,Yes,Yes,No,No,Two year,No,Credit card (automatic),72.84,801.24,No
C00912,Female,0,No,Yes,60,Yes,Yes,No,No,No,No,No,No,No,Two year,No,Mailed check,36.53,2191.8,No
C00913,Female,0,Yes,No,13,Yes,Yes,Fiber optic,Yes,No,No,Yes,No,No,One year,Yes,Mailed check,54.38,706.94,No
C00914,Male,0,Yes,No,64,Yes,Yes,No,No,No,No,No,No,No,Month-to-month,Yes,Mailed check,21.53,1377.92,No
C00915,Female,0,Yes,No,22,Yes,Yes,Fiber optic,Yes,Yes,No,No,No,No,Two year,No,Credit card (automatic),83.92,1846.24,No
C00916,Male,0,No,Yes,62,Yes,Yes,Fiber optic,No,No,No,No,Yes,Yes,One year,No,Mailed check,59.6,3695.2,No
C00917,Female,0,Yes,Yes,24,Yes,Yes,DSL,No,No,No,No,Yes,Yes,Two year,No,Credit card (automatic),93.68,2248.32,No
C00918,Male,0,No,No,17,Yes,Yes,DSL,No,No,No,Yes,Yes,Yes,Two year,Yes,Mailed check,80.92,1375.64,No
C00919,Female,0,No,No,55,Yes,Yes,Fiber optic,No,No,Yes,No,No,Yes,Two year,No,Credit card (automatic),53.99,2969.45,No
C00920,Male,0,No,Yes,13,Yes,No,No,No,No,No,No,No,No,Two year,Yes,Mailed check,26.94,350.22,No
C00921,Male,1,No,Yes,17,Yes,No,No,No,No,No,No,No,No,Month-to-month,Yes,Mailed check,37.24,633.08,No
C00922,Female,0,No,No,39,Yes,No,DSL,No,No,Yes,Yes,No,No,Month-to-month,Yes,Bank transfer (automatic),89.38,3485.82,No
C00923,Male,1,Yes,Yes,63,Yes,No,Fiber optic,Yes,No,Yes,No,Yes,Yes,One year,No,Bank transfer (automatic),89.17,5617.71,No
C00924,Male,0,Yes,No,48,Yes,No,No,No,No,No,No,No,No,Two year,Yes,Bank transfer (automatic),28.14,1350.72,No
C00925,Male,0,No,No,62,Yes,No,DSL,Yes,No,Yes,No,No,No,Two year,No,Mailed check,113.23,7020.26,No
C00926,Male,0,No,Yes,6,Yes,Yes,No,No,No,No,No,No,No,Month-to-month,No,Electronic check,31.35,188.1,Yes
C00927,Male,0,No,No,54,Yes,No,DSL,No,No,Yes,Yes,No,Yes,Month-to-month,No,Electronic check,66.09,3568.86,No
C00928,Female,0,No,Yes,32,Yes,No,DSL,No,No,No,No,Yes,No,One year,No,Mailed check,69.56,2225.92,Yes
C00929,Female,1,Yes,No,53,Yes,No,No,No,No,No,No,No,No,Two year,No,Bank transfer (automatic),25.57,1355.21,No
C00930,Female,0,No,Yes,22,Yes,Yes,Fiber optic,No,Yes,Yes,No,No,Yes,Month-to-month,No,Mailed check,92.27,2029.94,No
C00931,Male,0,Yes,No,62,Yes,Yes,No,No,No,No,No,No,No,Two year,No,Credit card (automatic),22.86,1417.32,No
C00932,Female,0,Yes,Yes,3,Yes,No,No,No,No,No,No,No,No,Month-to-month,No,Bank transfer (automatic),37.88,113.64,Yes
C00933,Male,0,Yes,Yes,69,Yes,Yes,No,No,No,No,No,No,No,One year,Yes,Bank transfer (automatic),23.5,1621.5,No
C00934,Female,0,Yes,No,22,Yes,No,DSL,No,Yes,No,No,No,Yes,Month-to-month,Yes,Bank transfer (automatic),102.62,2257.64,No
C00935,Male,0,Yes,Yes,49,Yes,No,DSL,No,No,No,No,No,Yes,One year,Yes,Mailed check,93.91,4601.59,No
C00936,Male,0,No,Yes,1,Yes,No,DSL,No,No,Yes,Yes,No,No,Month-to-month,Yes,Credit card (automatic),74.59,74.59,Yes
C00937,Male,0,Yes,Yes,23,Yes,No,Fiber optic,No,Yes,No,No,Yes,Yes,Two year,Yes,Bank transfer (automatic),70.4,1619.2,No
C00938,Female,0,No,No,59,Yes,Yes,Fiber optic,Yes,No,Yes,No,No,Yes,Month-to-month,No,Bank transfer (automatic),91.3,5386.7,Yes
C00939,Male,0,Yes,No,61,Yes,Yes,No,No,No,No,No,No,No,Two year,Yes,Mailed check,23.09,1408.49,No
C00940,Male,0,Yes,Yes,17,Yes,Yes,DSL,Yes,No,No,No,No,No,Two year,Yes,Electronic check,99.29,1687.93,No
C00941,Male,0,Yes,Yes,13,Yes,Yes,No,No,No,No,No,No,No,Two year,No,Bank transfer (automatic),33.49,435.37,No
C00942,Male,0,Yes,Yes,40,Yes,Yes,DSL,Yes,No,No,No,No,Yes,Month-to-month,Yes,Mailed check,65.87,2634.8,No
C00943,Female,0,No,No,53,Yes,Yes,Fiber optic,Yes,Yes,No,No,Yes,No,Month-to-month,No,Bank transfer (automatic),53.52,2836.56,Yes
C00944,Male,0,Yes,No,52,Yes,No,No,No,No,No,No,No,No,Month-to-month,Yes,Credit card (automatic),38.57,2005.64,No
C00945,Male,0,No,No,9,Yes,Yes,No,No,No,No,No,No,No,Month-to-month,No,Electronic check,26.72,240.48,Yes
C00946,Male,0,Yes,Yes,57,Yes,Yes,Fiber optic,No,No,No,No,Yes,No,One year,Yes,Electronic check,63.24,3604.68,No
C00947,Male,0,No,No,42,Yes,Yes,No,No,No,No,No,No,No,Month-to-month,Yes,Credit card (automatic),27.84,1169.28,No
C00948,Female,0,No,Yes,17,Yes,Yes,DSL,Yes,Yes,No,No,No,No,Two year,No,Electronic check,64.75,1100.75,No
C00949,Male,1,No,Yes,40,Yes,Yes,DSL,Yes,Yes,Yes,Yes,No,Yes,Two year,No,Electronic check,115.04,4601.6,No
C00950,Male,0,No,Yes,37,Yes,No,No,No,No,No,No,No,No,Two year,No,Electronic check,34.99,1294.63,No
C00951,Male,0,Yes,Yes,49,Yes,No,No,No,No,No,No,No,No,Two year,Yes,Credit card (automatic),24.69,1209.81,No
C00952,Female,0,No,Yes,66,Yes,Yes,DSL,Yes,No,Yes,No,Yes,No,Two year,No,Bank transfer (automatic),96.75,6385.5,No
C00953,Female,0,No,No,17,Yes,No,DSL,Yes,Yes,Yes,Yes,No,No,One year,No,Credit card (automatic),95.74,1627.58,Yes
C00954,Male,0,Yes,Yes,38,Yes,No,Fiber optic,Yes,Yes,Yes,Yes,Yes,Yes,One year,Yes,Credit card (automatic),116.3,4419.4,No
C00955,Female,0,Yes,No,49,Yes,Yes,Fiber optic,Yes,Yes,Yes,No,Yes,Yes,Month-to-month,No,Electronic check,69.71,3415.79,No
C00956,Female,0,No,Yes,32,Yes,Yes,DSL,No,Yes,Yes,No,No,Yes,Two year,Yes,Bank transfer (automatic),88.01,2816.32,No
C00957,Female,0,Yes,No,58,Yes,No,Fiber optic,No,Yes,Yes,Yes,Yes,Yes,One year,Yes,Credit card (automatic),69.47,4029.26,Yes
C00958,Female,0,No,Yes,28,Yes,Yes,No,No,No,No,No,No,No,Month-to-month,Yes,Mailed check,25.22,706.16,No
C00959,Male,0,No,Yes,63,Yes,Yes,No,No,No,No,No,No,No,Two year,Yes,Electronic check,39.7,2501.1,No
C00960,Male,0,Yes,Yes,38,Yes,No,Fiber optic,Yes,No,Yes,Yes,No,No,Two year,Yes,Credit card (automatic),54.33,2064.54,Yes
C00961,Female,0,Yes,No,31,Yes,No,DSL,No,No,Yes,Yes,Yes,No,One year,Yes,Credit card (automatic),60.53,1876.43,No
C00962,Female,0,Yes,No,34,Yes,Yes,Fiber optic,No,Yes,No,No,No,Yes,Month-to-month,Yes,Credit card (automatic),63.26,2150.84,Yes
C00963,Male,0,Yes,No,26,Yes,No,Fiber optic,Yes,No,Yes,Yes,Yes,No,Month-to-month,No,Credit card (automatic),95.33,2478.58,No
C00964,Female,0,No,Yes,24,Yes,Yes,DSL,No,No,No,No,No,Yes,Two year,No,Mailed check,107.22,2573.28,No
C00965,Male,0,No,No,15,Yes,Yes,DSL,No,No,Yes,No,No,No,Month-to-month,Yes,Credit card (automatic),82.37,1235.55,No
C00966,Male,0,Yes,No,47,Yes,No,No,No,No,No,No,No,No,Month-to-month,Yes,Electronic check,28.05,1318.35,No
C00967,Female,1,Yes,No,4,Yes,Yes,Fiber optic,Yes,No,Yes,Yes,No,Yes,One year,Yes,Mailed check,71.97,287.88,No
C00968,Female,0,No,Yes,66,Yes,Yes,Fiber optic,Yes,Yes,No,No,No,Yes,Two year,No,Bank transfer (automatic),62.92,4152.72,No
C00969,Female,0,Yes,Yes,49,Yes,No,Fiber optic,Yes,Yes,No,Yes,No,Yes,Two year,Yes,Credit card (automatic),107.57,5270.93,Yes
C00970,Female,0,Yes,No,38,Yes,Yes,Fiber optic,No,Yes,No,Yes,No,Yes,Two year,Yes,Bank transfer (automatic),97.75,3714.5,No
C00971,Male,0,No,No,46,Yes,Yes,Fiber optic,Yes,No,Yes,Yes,No,Yes,Two year,Yes,Electronic check,94.26,4335.96,No
C00972,Male,0,No,Yes,70,Yes,Yes,No,No,No,No,No,No,No,Two year,Yes,Bank transfer (automatic),38.05,2663.5,No
C00973,Male,0,Yes,No,68,Yes,No,Fiber optic,No,No,Yes,Yes,Yes,No,Two year,Yes,Mailed check,90.7,6167.6,Yes
C00974,Male,1,Yes,No,23,Yes,Yes,Fiber optic,No,No,Yes,No,No,No,Month-to-month,No,Mailed check,98.98,2276.54,No
C00975,Male,0,No,Yes,52,Yes,No,DSL,Yes,Yes,Yes,Yes,No,Yes,One year,No,Credit card (automatic),50.76,2639.52,No
C00976,Male,0,Yes,Yes,5,Yes,No,Fiber optic,No,No,No,No,Yes,No,Two year,Yes,Electronic check,56.91,284.55,Yes
C00977,Female,0,Yes,Yes,59,Yes,No,Fiber optic,Yes,No,No,Yes,Yes,No,One year,Yes,Credit card (automatic),118.64,6999.76,No
C00978,Male,0,No,No,2,Yes,No,No,No,No,No,No,No,No,Month-to-month,No,Mailed check,34.78,69.56,Yes
C00979,Male,0,Yes,Yes,39,Yes,No,DSL,No,No,No,No,Yes,No,Month-to-month,No,Bank transfer (automatic),62.08,2421.12,No
C00980,Female,0,No,No,61,Yes,Yes,No,No,No,No,No,No,No,Month-to-month,No,Electronic check,24.92,1520.12,No
C00981,Male,0,Yes,No,58,Yes,No,Fiber optic,No,Yes,No,Yes,No,Yes,Two year,No,Mailed check,80.19,4651.02,No
C00982,Female,0,No,No,52,Yes,No,DSL,Yes,No,Yes,No,Yes,No,Month-to-month,Yes,Credit card (automatic),51.91,2699.32,No
C00983,Female,0,No,No,1,Yes,Yes,No,No,No,No,No,No,No,Two year,Yes,Bank transfer (automatic),25.06,25.06,No
C00984,Female,0,Yes,Yes,21,Yes,Yes,DSL,Yes,Yes,Yes,Yes,Yes,No,One year,No,Electronic check,102.16,2145.36,Yes
C00985,Female,1,No,Yes,8,Yes,Yes,DSL,No,No,No,No,Yes,Yes,Month-to-month,Yes,Bank transfer (automatic),61.08,488.64,Yes
C00986,Male,0,No,Yes,13,Yes,Yes,No,No,No,No,No,No,No,Month-to-month,Yes,Electronic check,21.69,281.97,No
C00987,Male,0,Yes,No,6,Yes,Yes,Fiber optic,No,No,No,No,No,Yes,Two year,Yes,Credit card (automatic),89.6,537.6,Yes
C00988,Female,0,No,No,15,Yes,Yes,No,No,No,No,No,No,No,One year,Yes,Electronic check,36.47,547.05,No
C00989,Female,0,No,Yes,35,Yes,Yes,No,No,No,No,No,No,No,Two year,No,Bank transfer (automatic),20.34,711.9,No
C00990,Male,0,Yes,No,23,Yes,Yes,No,No,No,No,No,No,No,Two year,Yes,Bank transfer (automatic),30.63,704.49,Yes
C00991,Female,0,Yes,Yes,20,Yes,Yes,DSL,Yes,No,Yes,Yes,Yes,No,Two year,Yes,Bank transfer (automatic),67.48,1349.6,No
C00992,Female,0,Yes,Yes,4,Yes,Yes,No,No,No,No,No,No,No,Month-to-month,No,Electronic check,31.24,124.96,No
C00993,Female,0,No,No,44,Yes,No,No,No,No,No,No,No,No,Two year,Yes,Bank transfer (automatic),22.33,982.52,No
C00994,Male,1,No,Yes,35,Yes,Yes,Fiber optic,No,Yes,Yes,Yes,Yes,No,Month-to-month,Yes,Bank transfer (automatic),55.38,1938.3,No
C00995,Male,0,Yes,No,32,Yes,No,Fiber optic,No,Yes,No,No,No,Yes,Two year,No,Electronic check,115.81,3705.92,Yes
C00996,Female,0,No,Yes,17,Yes,No,DSL,Yes,Yes,Yes,Yes,Yes,Yes,Two year,No,Bank transfer (automatic),112.95,1920.15,No
C00997,Male,0,Yes,No,36,Yes,Yes,Fiber optic,Yes,No,Yes,Yes,No,No,Two year,Yes,Credit card (automatic),78.92,2841.12,No
C00998,Male,0,No,Yes,68,Yes,No,Fiber optic,No,No,Yes,Yes,No,Yes,One year,No,Mailed check,88.94,6047.92,Yes
C00999,Male,1,Yes,Yes,4,Yes,Yes,DSL,Yes,No,No,No,Yes,Yes,One year,No,Electronic check,79.34,317.36,Yes
C01000,Male,1,Yes,Yes,31,Yes,No,Fiber optic,No,Yes,Yes,No,No,Yes,Month-to-month,No,Bank transfer (automatic),56.7,1757.7,No
